{
  "biasA": 0.005357142857142857,
  "biasD": -0.00376984126984127,
  "accA": 0.462202380952381,
  "accD": 0.6373015873015873,
  "number_of_ambig": 10080,
  "number_of_disambig": 10080
}