{
  "biasA": -0.3439484126984127,
  "biasD": -0.11726190476190476,
  "accA": 0.3298611111111111,
  "accD": 0.3353174603174603,
  "number_of_ambig": 10080,
  "number_of_disambig": 10080
}