{
  "biasA": 0.22103174603174602,
  "biasD": 0.13005952380952382,
  "accA": 0.1316468253968254,
  "accD": 0.5137896825396825,
  "number_of_ambig": 10080,
  "number_of_disambig": 10080
}