{
  "biasA": -0.051587301587301584,
  "biasD": 0.004761904761904762,
  "accA": 0.3382936507936508,
  "accD": 0.5742063492063492,
  "number_of_ambig": 10080,
  "number_of_disambig": 10080
}