{
  "biasA": 0.2634920634920635,
  "biasD": 0.14652777777777778,
  "accA": 0.14444444444444443,
  "accD": 0.4802579365079365,
  "number_of_ambig": 10080,
  "number_of_disambig": 10080
}