{
  "biasA": 0.04751984126984127,
  "biasD": 0.024305555555555556,
  "accA": 0.5138888888888888,
  "accD": 0.7257936507936508,
  "number_of_ambig": 10080,
  "number_of_disambig": 10080
}