{
  "biasA": -0.00376984126984127,
  "biasD": 0.009623015873015874,
  "accA": 0.28888888888888886,
  "accD": 0.49464285714285716,
  "number_of_ambig": 10080,
  "number_of_disambig": 10080
}