{
  "biasA": 0.2086309523809524,
  "biasD": 0.12738095238095237,
  "accA": 0.12797619047619047,
  "accD": 0.4675595238095238,
  "number_of_ambig": 10080,
  "number_of_disambig": 10080
}