{
  "biasA": -0.28015873015873016,
  "biasD": -0.09861111111111111,
  "accA": 0.32341269841269843,
  "accD": 0.3551587301587302,
  "number_of_ambig": 10080,
  "number_of_disambig": 10080
}