{
  "biasA": -0.49871031746031746,
  "biasD": -0.15634920634920635,
  "accA": 0.32549603174603176,
  "accD": 0.34325396825396826,
  "number_of_ambig": 10080,
  "number_of_disambig": 10080
}