{
  "biasA": -0.3058531746031746,
  "biasD": -0.11626984126984127,
  "accA": 0.32688492063492064,
  "accD": 0.34563492063492063,
  "number_of_ambig": 10080,
  "number_of_disambig": 10080
}