{
  "biasA": 0.06488095238095239,
  "biasD": 0.024603174603174603,
  "accA": 0.3304563492063492,
  "accD": 0.5590277777777778,
  "number_of_ambig": 10080,
  "number_of_disambig": 10080
}