{
  "biasA": -0.4953373015873016,
  "biasD": -0.21160714285714285,
  "accA": 0.16170634920634921,
  "accD": 0.4322420634920635,
  "number_of_ambig": 10080,
  "number_of_disambig": 10080
}