{
  "biasA": -0.14667458432304037,
  "biasD": -0.03646080760095012,
  "accA": 0.4743467933491686,
  "accD": 0.6788598574821852,
  "number_of_ambig": 8420,
  "number_of_disambig": 8420
}