{
  "biasA": 0.10952380952380952,
  "biasD": 0.030654761904761903,
  "accA": 0.4840277777777778,
  "accD": 0.7496031746031746,
  "number_of_ambig": 10080,
  "number_of_disambig": 10080
}