{
  "biasA": 0.028075396825396826,
  "biasD": 0.011607142857142858,
  "accA": 0.5883928571428572,
  "accD": 0.7641865079365079,
  "number_of_ambig": 10080,
  "number_of_disambig": 10080
}