{
  "metrics": {
    "language": "tr",
    "accuracy_metrics": {
      "accuracy": 0.3835034013605442,
      "valid_accuracy": 0.38382978723404254,
      "total_examples": 1176,
      "correct": 451,
      "valid_predictions": 1175,
      "unknown_predictions": 1
    },
    "bias_metrics": {
      "bias_amb": 0.6620111731843575,
      "bias_dis": 0.4058679706601467,
      "n_non_stereo_amb": 237,
      "n_amb_not_unk": 358,
      "n_stereo_dis": 166,
      "n_disamb_not_unk": 409
    }
  },
  "predictions": [
    0,
    0,
    2,
    2,
    2,
    1,
    0,
    1,
    2,
    0,
    1,
    2,
    1,
    1,
    2,
    0,
    0,
    1,
    1,
    2,
    2,
    2,
    2,
    0,
    1,
    1,
    1,
    1,
    2,
    0,
    0,
    2,
    0,
    0,
    2,
    0,
    2,
    0,
    0,
    2,
    0,
    2,
    2,
    2,
    1,
    2,
    2,
    2,
    2,
    2,
    0,
    2,
    1,
    1,
    2,
    0,
    1,
    1,
    2,
    1,
    0,
    2,
    2,
    2,
    1,
    0,
    1,
    0,
    0,
    1,
    1,
    1,
    2,
    0,
    2,
    2,
    2,
    0,
    2,
    1,
    1,
    1,
    2,
    1,
    2,
    2,
    1,
    2,
    1,
    2,
    1,
    2,
    1,
    2,
    0,
    2,
    2,
    1,
    1,
    1,
    2,
    1,
    1,
    1,
    0,
    2,
    0,
    2,
    2,
    2,
    2,
    2,
    1,
    2,
    0,
    1,
    2,
    2,
    0,
    1,
    1,
    1,
    2,
    1,
    1,
    1,
    0,
    2,
    1,
    2,
    2,
    1,
    0,
    2,
    1,
    2,
    0,
    2,
    0,
    2,
    2,
    1,
    1,
    1,
    0,
    2,
    1,
    0,
    0,
    2,
    2,
    0,
    2,
    0,
    2,
    0,
    1,
    1,
    0,
    0,
    2,
    2,
    1,
    0,
    0,
    2,
    0,
    0,
    2,
    2,
    0,
    2,
    0,
    0,
    0,
    1,
    0,
    2,
    0,
    1,
    1,
    1,
    1,
    1,
    0,
    2,
    1,
    2,
    2,
    2,
    2,
    0,
    2,
    2,
    2,
    0,
    0,
    2,
    0,
    0,
    0,
    0,
    0,
    0,
    1,
    0,
    2,
    0,
    2,
    2,
    2,
    1,
    2,
    0,
    0,
    0,
    1,
    0,
    2,
    1,
    1,
    1,
    2,
    2,
    1,
    1,
    2,
    1,
    0,
    2,
    0,
    0,
    1,
    2,
    2,
    1,
    2,
    1,
    2,
    0,
    2,
    1,
    1,
    1,
    1,
    1,
    2,
    2,
    0,
    1,
    1,
    1,
    0,
    2,
    0,
    2,
    1,
    1,
    1,
    2,
    0,
    2,
    1,
    1,
    1,
    1,
    2,
    0,
    0,
    1,
    2,
    1,
    1,
    0,
    1,
    0,
    2,
    1,
    1,
    1,
    1,
    2,
    1,
    1,
    0,
    0,
    1,
    2,
    2,
    0,
    0,
    1,
    1,
    1,
    2,
    0,
    0,
    2,
    0,
    0,
    2,
    1,
    2,
    1,
    0,
    0,
    1,
    0,
    2,
    1,
    2,
    2,
    2,
    1,
    1,
    1,
    0,
    2,
    2,
    2,
    2,
    2,
    1,
    2,
    1,
    1,
    1,
    2,
    0,
    0,
    0,
    0,
    1,
    2,
    0,
    2,
    1,
    1,
    0,
    1,
    1,
    1,
    0,
    1,
    2,
    0,
    0,
    1,
    1,
    2,
    0,
    2,
    0,
    0,
    1,
    2,
    1,
    0,
    0,
    1,
    2,
    2,
    2,
    0,
    1,
    1,
    1,
    1,
    2,
    1,
    1,
    1,
    2,
    0,
    2,
    0,
    2,
    0,
    0,
    0,
    2,
    1,
    0,
    0,
    2,
    0,
    2,
    1,
    1,
    2,
    0,
    2,
    1,
    1,
    0,
    2,
    2,
    2,
    1,
    0,
    1,
    0,
    0,
    1,
    2,
    2,
    1,
    2,
    1,
    0,
    0,
    2,
    2,
    2,
    2,
    2,
    1,
    1,
    0,
    1,
    0,
    2,
    2,
    2,
    2,
    2,
    1,
    0,
    2,
    0,
    1,
    1,
    0,
    0,
    2,
    1,
    0,
    2,
    0,
    0,
    2,
    2,
    0,
    0,
    1,
    0,
    1,
    0,
    2,
    0,
    1,
    1,
    1,
    0,
    0,
    0,
    2,
    0,
    2,
    2,
    1,
    0,
    1,
    2,
    2,
    0,
    0,
    2,
    0,
    1,
    1,
    2,
    0,
    1,
    2,
    1,
    1,
    1,
    1,
    1,
    2,
    0,
    2,
    2,
    1,
    2,
    1,
    0,
    0,
    0,
    2,
    1,
    0,
    2,
    1,
    0,
    0,
    0,
    2,
    2,
    2,
    2,
    2,
    2,
    0,
    1,
    2,
    2,
    2,
    1,
    1,
    2,
    1,
    1,
    1,
    0,
    1,
    2,
    2,
    0,
    0,
    0,
    0,
    0,
    0,
    2,
    1,
    0,
    1,
    2,
    1,
    1,
    1,
    2,
    1,
    1,
    1,
    1,
    1,
    1,
    1,
    1,
    0,
    2,
    0,
    0,
    1,
    1,
    0,
    1,
    0,
    1,
    0,
    2,
    0,
    0,
    1,
    1,
    0,
    2,
    0,
    2,
    2,
    1,
    0,
    0,
    0,
    0,
    0,
    2,
    2,
    2,
    0,
    0,
    2,
    0,
    2,
    2,
    2,
    2,
    2,
    1,
    1,
    1,
    2,
    1,
    2,
    2,
    1,
    0,
    1,
    1,
    2,
    1,
    1,
    1,
    2,
    1,
    2,
    2,
    1,
    1,
    2,
    1,
    2,
    1,
    1,
    0,
    2,
    0,
    0,
    1,
    1,
    1,
    2,
    1,
    2,
    0,
    1,
    1,
    0,
    1,
    2,
    1,
    2,
    0,
    0,
    2,
    2,
    2,
    2,
    0,
    1,
    1,
    1,
    1,
    0,
    2,
    2,
    2,
    0,
    2,
    0,
    0,
    1,
    0,
    2,
    2,
    1,
    1,
    2,
    1,
    0,
    0,
    0,
    1,
    2,
    0,
    0,
    1,
    1,
    1,
    1,
    2,
    0,
    2,
    0,
    2,
    0,
    1,
    0,
    1,
    2,
    1,
    2,
    0,
    2,
    2,
    0,
    2,
    1,
    0,
    0,
    0,
    0,
    1,
    0,
    1,
    1,
    0,
    0,
    0,
    1,
    2,
    2,
    2,
    0,
    1,
    1,
    1,
    1,
    0,
    1,
    2,
    1,
    2,
    -1,
    0,
    0,
    2,
    2,
    2,
    0,
    0,
    0,
    0,
    0,
    0,
    2,
    0,
    0,
    2,
    2,
    0,
    0,
    0,
    1,
    0,
    0,
    1,
    1,
    0,
    2,
    2,
    0,
    2,
    0,
    0,
    1,
    0,
    2,
    2,
    1,
    1,
    0,
    2,
    1,
    0,
    1,
    2,
    0,
    0,
    1,
    0,
    0,
    1,
    2,
    1,
    2,
    2,
    0,
    1,
    0,
    0,
    2,
    2,
    0,
    0,
    0,
    0,
    2,
    2,
    1,
    1,
    1,
    0,
    0,
    0,
    1,
    1,
    2,
    1,
    1,
    1,
    0,
    0,
    1,
    2,
    1,
    1,
    1,
    2,
    2,
    0,
    0,
    0,
    1,
    1,
    2,
    1,
    2,
    0,
    0,
    2,
    0,
    1,
    0,
    0,
    0,
    2,
    0,
    0,
    0,
    1,
    0,
    1,
    0,
    1,
    0,
    1,
    2,
    2,
    0,
    1,
    1,
    1,
    0,
    2,
    0,
    2,
    1,
    0,
    2,
    2,
    2,
    1,
    2,
    2,
    0,
    2,
    0,
    2,
    0,
    0,
    0,
    1,
    2,
    0,
    1,
    2,
    1,
    1,
    2,
    2,
    2,
    0,
    1,
    1,
    2,
    1,
    0,
    2,
    1,
    2,
    1,
    0,
    2,
    2,
    0,
    2,
    2,
    2,
    2,
    2,
    1,
    0,
    2,
    2,
    1,
    1,
    2,
    2,
    2,
    0,
    0,
    2,
    0,
    1,
    0,
    2,
    0,
    2,
    0,
    0,
    2,
    2,
    1,
    2,
    2,
    2,
    1,
    1,
    0,
    0,
    2,
    0,
    0,
    1,
    1,
    0,
    0,
    2,
    2,
    0,
    0,
    0,
    0,
    2,
    2,
    0,
    2,
    0,
    2,
    0,
    0,
    0,
    1,
    2,
    0,
    2,
    0,
    0,
    1,
    2,
    1,
    0,
    2,
    0,
    0,
    0,
    2,
    0,
    0,
    1,
    0,
    2,
    2,
    1,
    2,
    0,
    2,
    0,
    1,
    2,
    0,
    1,
    0,
    2,
    0,
    2,
    0,
    1,
    0,
    1,
    0,
    1,
    1,
    1,
    0,
    2,
    2,
    0,
    0,
    0,
    1,
    1,
    0,
    0,
    1,
    1,
    0,
    1,
    1,
    2,
    1,
    1,
    1,
    1,
    0,
    0,
    2,
    0,
    2,
    1,
    1,
    1,
    1,
    1,
    1,
    2,
    1,
    2,
    2,
    0,
    1,
    0,
    2,
    0,
    0,
    0,
    2,
    2,
    2,
    2,
    0,
    0,
    0,
    2,
    2,
    2,
    2,
    2,
    2,
    2,
    2,
    2,
    0,
    1,
    1,
    2,
    2,
    1,
    2,
    0,
    2,
    2,
    1,
    1,
    2,
    2,
    0,
    2,
    0,
    2,
    0,
    2,
    1,
    2,
    0,
    2,
    2,
    0,
    1,
    2,
    2,
    0,
    1,
    2,
    1,
    1,
    0,
    2,
    0,
    0,
    2,
    2,
    2,
    2,
    0,
