{
  "metrics": {
    "language": "en",
    "accuracy_metrics": {
      "accuracy": 0.6174242424242424,
      "valid_accuracy": 0.6174242424242424,
      "total_examples": 528,
      "correct": 326,
      "valid_predictions": 528,
      "unknown_predictions": 0
    },
    "bias_metrics": {
      "bias_amb": 0.6346153846153846,
      "bias_dis": 0.3924731182795699,
      "n_non_stereo_amb": 99,
      "n_amb_not_unk": 156,
      "n_stereo_dis": 73,
      "n_disamb_not_unk": 186
    }
  },
  "predictions": [
    0,
    2,
    2,
    1,
    2,
    1,
    1,
    1,
    1,
    0,
    1,
    2,
    0,
    0,
    1,
    1,
    1,
    2,
    2,
    0,
    2,
    0,
    0,
    1,
    0,
    0,
    2,
    2,
    1,
    1,
    1,
    1,
    1,
    0,
    1,
    0,
    2,
    2,
    0,
    2,
    2,
    2,
    0,
    2,
    0,
    1,
    2,
    0,
    0,
    2,
    2,
    0,
    1,
    1,
    2,
    2,
    0,
    0,
    1,
    2,
    1,
    2,
    1,
    1,
    2,
    0,
    2,
    0,
    2,
    1,
    2,
    1,
    2,
    2,
    1,
    0,
    1,
    0,
    0,
    1,
    2,
    1,
    0,
    0,
    2,
    0,
    2,
    1,
    2,
    0,
    0,
    1,
    1,
    2,
    0,
    0,
    0,
    0,
    0,
    0,
    1,
    0,
    1,
    0,
    0,
    1,
    0,
    0,
    0,
    1,
    1,
    2,
    0,
    0,
    0,
    2,
    1,
    0,
    0,
    2,
    1,
    2,
    0,
    1,
    0,
    0,
    0,
    1,
    1,
    2,
    1,
    0,
    0,
    2,
    0,
    1,
    0,
    2,
    2,
    1,
    1,
    2,
    0,
    0,
    1,
    0,
    1,
    0,
    1,
    0,
    0,
    2,
    0,
    2,
    1,
    2,
    0,
    2,
    0,
    0,
    0,
    2,
    0,
    2,
    2,
    0,
    2,
    1,
    2,
    0,
    1,
    2,
    1,
    2,
    2,
    1,
    2,
    2,
    0,
    2,
    0,
    1,
    2,
    0,
    1,
    2,
    1,
    2,
    1,
    0,
    2,
    2,
    1,
    2,
    1,
    1,
    0,
    2,
    0,
    0,
    2,
    0,
    2,
    0,
    2,
    0,
    1,
    1,
    1,
    0,
    2,
    1,
    1,
    2,
    1,
    1,
    2,
    1,
    0,
    2,
    0,
    1,
    1,
    2,
    0,
    2,
    1,
    1,
    0,
    0,
    0,
    0,
    0,
    0,
    0,
    1,
    0,
    2,
    0,
    0,
    0,
    1,
    0,
    2,
    1,
    0,
    0,
    2,
    0,
    2,
    0,
    2,
    1,
    2,
    2,
    0,
    0,
    1,
    0,
    0,
    0,
    0,
    2,
    2,
    1,
    0,
    1,
    1,
    0,
    0,
    0,
    0,
    2,
    1,
    0,
    0,
    2,
    1,
    0,
    0,
    0,
    2,
    2,
    1,
    1,
    2,
    1,
    0,
    2,
    1,
    0,
    0,
    2,
    0,
    1,
    1,
    2,
    2,
    1,
    0,
    0,
    0,
    2,
    1,
    2,
    0,
    0,
    0,
    1,
    0,
    2,
    1,
    1,
    0,
    2,
    0,
    0,
    1,
    0,
    0,
    2,
    2,
    1,
    0,
    2,
    2,
    1,
    1,
    1,
    1,
    1,
    1,
    2,
    0,
    2,
    2,
    1,
    2,
    1,
    0,
    0,
    2,
    1,
    1,
    1,
    2,
    1,
    1,
    2,
    1,
    1,
    1,
    1,
    2,
    1,
    1,
    1,
    0,
    0,
    0,
    1,
    2,
    0,
    0,
    1,
    0,
    1,
    2,
    0,
    1,
    2,
    1,
    2,
    0,
    0,
    1,
    1,
    2,
    2,
    0,
    1,
    1,
    1,
    1,
    2,
    0,
    2,
    2,
    0,
    2,
    2,
    1,
    2,
    2,
    2,
    2,
    2,
    2,
    2,
    0,
    1,
    2,
    0,
    1,
    0,
    0,
    1,
    2,
    0,
    1,
    1,
    1,
    0,
    2,
    2,
    2,
    2,
    0,
    2,
    0,
    1,
    2,
    2,
    0,
    0,
    1,
    0,
    0,
    2,
    2,
    2,
    1,
    1,
    2,
    1,
    0,
    0,
    0,
    1,
    1,
    0,
    1,
    0,
    0,
    1,
    2,
    1,
    2,
    0,
    2,
    1,
    2,
    1,
    0,
    1,
    2,
    1,
    0,
    1,
    1,
    0,
    0,
    1,
    1,
    2,
    1,
    0,
    0,
    2,
    1,
    1,
    2,
    1,
    1,
    2,
    2,
    2,
    1,
    2,
    0,
    1,
    0,
    1,
    2,
    1,
    1,
    2,
    0,
    0,
    0,
    1,
    0,
    0,
    1,
    2,
    0,
    0,
    1,
    0,
    2,
    0,
    2,
    0,
    1,
    0,
    0,
    0,
    2,
    2,
    0,
    1,
    1,
    1,
    2,
    0,
    1,
    1,
    0,
    2,
    2,
    1,
    0,
    0,
    2,
    1,
    2,
    2,
    0
  ]
}