{
  "metrics": {
    "language": "es",
    "accuracy_metrics": {
      "accuracy": 0.5892857142857143,
      "valid_accuracy": 0.5892857142857143,
      "total_examples": 1176,
      "correct": 693,
      "valid_predictions": 1176,
      "unknown_predictions": 0
    },
    "bias_metrics": {
      "bias_amb": 0.601063829787234,
      "bias_dis": 0.4375,
      "n_non_stereo_amb": 226,
      "n_amb_not_unk": 376,
      "n_stereo_dis": 175,
      "n_disamb_not_unk": 400
    }
  },
  "predictions": [
    0,
    0,
    0,
    2,
    0,
    1,
    0,
    0,
    1,
    1,
    0,
    2,
    2,
    0,
    2,
    1,
    1,
    2,
    1,
    0,
    1,
    2,
    2,
    2,
    2,
    0,
    2,
    1,
    1,
    0,
    2,
    1,
    2,
    0,
    2,
    0,
    2,
    0,
    2,
    1,
    0,
    1,
    1,
    2,
    0,
    2,
    0,
    2,
    1,
    1,
    0,
    1,
    2,
    2,
    0,
    2,
    0,
    0,
    2,
    2,
    1,
    0,
    2,
    2,
    2,
    2,
    2,
    2,
    2,
    0,
    0,
    2,
    2,
    2,
    1,
    1,
    0,
    1,
    2,
    2,
    2,
    2,
    0,
    0,
    1,
    0,
    1,
    2,
    1,
    1,
    2,
    1,
    0,
    0,
    2,
    1,
    2,
    0,
    0,
    2,
    1,
    2,
    2,
    0,
    2,
    1,
    2,
    2,
    1,
    0,
    0,
    1,
    1,
    0,
    1,
    2,
    0,
    2,
    1,
    0,
    2,
    1,
    2,
    1,
    0,
    2,
    2,
    2,
    1,
    2,
    1,
    0,
    2,
    0,
    2,
    0,
    0,
    1,
    0,
    2,
    1,
    1,
    1,
    0,
    1,
    2,
    1,
    1,
    0,
    2,
    0,
    0,
    2,
    1,
    2,
    0,
    0,
    0,
    2,
    1,
    2,
    1,
    2,
    1,
    1,
    1,
    2,
    0,
    0,
    2,
    0,
    1,
    0,
    1,
    0,
    0,
    1,
    2,
    1,
    0,
    2,
    1,
    2,
    2,
    1,
    1,
    0,
    1,
    1,
    1,
    1,
    1,
    1,
    1,
    1,
    1,
    1,
    0,
    0,
    2,
    0,
    1,
    2,
    1,
    0,
    0,
    2,
    0,
    1,
    1,
    2,
    0,
    1,
    1,
    1,
    0,
    2,
    1,
    0,
    0,
    2,
    1,
    0,
    0,
    1,
    0,
    1,
    2,
    0,
    0,
    2,
    0,
    1,
    0,
    1,
    0,
    0,
    2,
    1,
    1,
    1,
    0,
    0,
    1,
    2,
    1,
    2,
    0,
    0,
    2,
    2,
    2,
    2,
    0,
    1,
    2,
    2,
    1,
    2,
    0,
    1,
    1,
    0,
    1,
    0,
    2,
    0,
    1,
    2,
    0,
    0,
    2,
    0,
    2,
    2,
    1,
    0,
    2,
    1,
    1,
    1,
    1,
    0,
    2,
    1,
    1,
    0,
    2,
    1,
    0,
    1,
    2,
    2,
    0,
    0,
    1,
    0,
    1,
    0,
    2,
    1,
    0,
    0,
    0,
    2,
    2,
    2,
    0,
    0,
    0,
    1,
    2,
    1,
    2,
    1,
    0,
    1,
    2,
    0,
    0,
    2,
    1,
    1,
    0,
    0,
    2,
    1,
    1,
    1,
    0,
    0,
    2,
    2,
    1,
    0,
    0,
    2,
    2,
    2,
    0,
    2,
    2,
    2,
    1,
    0,
    1,
    1,
    2,
    2,
    2,
    2,
    0,
    0,
    0,
    1,
    2,
    1,
    2,
    0,
    1,
    2,
    0,
    2,
    1,
    0,
    1,
    0,
    2,
    2,
    2,
    0,
    0,
    2,
    1,
    2,
    0,
    0,
    1,
    2,
    1,
    1,
    0,
    2,
    2,
    0,
    0,
    1,
    1,
    1,
    0,
    1,
    2,
    1,
    0,
    0,
    0,
    0,
    1,
    0,
    2,
    2,
    0,
    2,
    2,
    1,
    0,
    0,
    2,
    2,
    2,
    2,
    1,
    0,
    0,
    1,
    1,
    2,
    1,
    2,
    0,
    0,
    1,
    0,
    2,
    2,
    1,
    2,
    0,
    0,
    1,
    1,
    2,
    2,
    0,
    2,
    1,
    1,
    0,
    2,
    2,
    1,
    0,
    2,
    2,
    1,
    2,
    2,
    0,
    0,
    2,
    0,
    1,
    2,
    0,
    2,
    0,
    0,
    1,
    2,
    2,
    1,
    2,
    1,
    0,
    2,
    0,
    2,
    0,
    1,
    0,
    1,
    1,
    0,
    0,
    1,
    2,
    2,
    1,
    2,
    0,
    1,
    1,
    2,
    0,
    2,
    2,
    1,
    0,
    1,
    0,
    1,
    0,
    2,
    0,
    2,
    1,
    0,
    1,
    0,
    0,
    2,
    2,
    2,
    2,
    2,
    1,
    2,
    0,
    1,
    0,
    1,
    1,
    1,
    0,
    1,
    2,
    2,
    1,
    0,
    2,
    1,
    1,
    1,
    1,
    2,
    1,
    1,
    0,
    2,
    2,
    1,
    2,
    1,
    0,
    1,
    0,
    2,
    0,
    1,
    1,
    2,
    1,
    2,
    0,
    2,
    0,
    2,
    1,
    2,
    1,
    0,
    0,
    0,
    1,
    0,
    0,
    2,
    1,
    0,
    0,
    2,
    1,
    1,
    1,
    2,
    1,
    1,
    2,
    1,
    0,
    2,
    1,
    1,
    2,
    2,
    2,
    2,
    2,
    1,
    1,
    0,
    2,
    2,
    2,
    0,
    2,
    1,
    2,
    2,
    2,
    2,
    0,
    2,
    1,
    0,
    2,
    1,
    0,
    2,
    2,
    0,
    2,
    1,
    2,
    2,
    2,
    1,
    2,
    0,
    1,
    0,
    2,
    1,
    2,
    1,
    0,
    1,
    2,
    0,
    2,
    1,
    2,
    1,
    2,
    0,
    1,
    2,
    1,
    2,
    2,
    0,
    2,
    1,
    0,
    1,
    2,
    1,
    2,
    2,
    2,
    0,
    0,
    2,
    1,
    1,
    0,
    0,
    2,
    2,
    1,
    0,
    0,
    0,
    2,
    0,
    1,
    0,
    2,
    0,
    1,
    0,
    2,
    0,
    2,
    0,
    2,
    0,
    1,
    0,
    2,
    2,
    0,
    0,
    2,
    0,
    1,
    2,
    2,
    2,
    2,
    2,
    1,
    2,
    0,
    1,
    1,
    0,
    1,
    0,
    0,
    1,
    0,
    2,
    0,
    1,
    1,
    2,
    0,
    0,
    1,
    2,
    2,
    2,
    2,
    1,
    2,
    2,
    0,
    2,
    0,
    1,
    2,
    2,
    0,
    2,
    2,
    2,
    0,
    0,
    2,
    0,
    0,
    0,
    2,
    1,
    2,
    0,
    0,
    1,
    2,
    1,
    1,
    1,
    1,
    2,
    0,
    0,
    1,
    2,
    0,
    1,
    2,
    2,
    0,
    2,
    2,
    2,
    1,
    2,
    2,
    1,
    0,
    2,
    2,
    1,
    2,
    2,
    2,
    0,
    2,
    2,
    0,
    0,
    1,
    1,
    1,
    0,
    2,
    0,
    2,
    0,
    0,
    2,
    1,
    2,
    0,
    2,
    2,
    1,
    0,
    0,
    2,
    1,
    0,
    2,
    1,
    1,
    2,
    0,
    1,
    0,
    2,
    1,
    2,
    1,
    2,
    0,
    2,
    0,
    0,
    1,
    0,
    1,
    2,
    0,
    2,
    0,
    1,
    1,
    0,
    2,
    1,
    2,
    0,
    2,
    1,
    0,
    1,
    2,
    0,
    0,
    0,
    2,
    2,
    2,
    1,
    2,
    0,
    0,
    0,
    0,
    2,
    2,
    0,
    2,
    1,
    0,
    0,
    1,
    2,
    1,
    1,
    2,
    2,
    0,
    2,
    0,
    1,
    1,
    2,
    1,
    0,
    0,
    0,
    1,
    0,
    1,
    2,
    1,
    1,
    0,
    1,
    0,
    2,
    1,
    2,
    0,
    2,
    0,
    0,
    1,
    2,
    0,
    2,
    1,
    1,
    2,
    2,
    1,
    1,
    0,
    2,
    0,
    2,
    0,
    1,
    2,
    0,
    0,
    2,
    1,
    0,
    1,
    2,
    1,
    0,
    1,
    1,
    1,
    2,
    2,
    0,
    2,
    1,
    2,
    0,
    1,
    1,
    0,
    2,
    0,
    0,
    0,
    0,
    2,
    0,
    0,
    1,
    0,
    0,
    2,
    1,
    2,
    1,
    1,
    1,
    1,
    0,
    1,
    0,
    2,
    2,
    1,
    2,
    2,
    0,
    0,
    1,
    2,
    1,
    1,
    1,
    0,
    0,
    0,
    1,
    0,
    2,
    2,
    0,
    2,
    0,
    0,
    1,
    0,
    1,
    1,
    2,
    2,
    1,
    2,
    0,
    2,
    1,
    0,
    2,
    2,
    1,
    2,
    0,
    0,
    0,
    2,
    1,
    2,
    1,
    0,
    2,
    0,
    0,
    0,
    0,
    2,
    0,
    0,
    2,
    1,
    2,
    2,
    2,
    2,
    0,
    1,
    2,
    1,
    0,
    0,
    0,
    2,
    0,
    0,
    2,
    1,
    1,
    1,
    2,
    2,
    1,
    1,
    0,
    1,
    2,
    0,
    2,
    0,
    1,
    2,
    1,
    0,
    2,
    1,
    0,
    1,
    0,
    2,
    0,
    1,
    1,
    2,
    0,
    1,
    2,
    2,
    2,
    2,
    2,
    2,
    1,
    0,
    0,
    2,
    1,
    1,
    0,
    1,
    1,
    0,
    1,
    1,
    1,
    0,
    1,
    1,
    1,
    0,
    0,
    2,
    1,
    1,
    0,
    2,
    2,
    0,
    1,
    0,
    2,
    0,
    1,
    0,
    1,
    0,
