{
  "metrics": {
    "language": "tr",
    "accuracy_metrics": {
      "accuracy": 0.3684210526315789,
      "valid_accuracy": 0.3684210526315789,
      "total_examples": 152,
      "correct": 56,
      "valid_predictions": 152,
      "unknown_predictions": 0
    },
    "bias_metrics": {
      "bias_amb": 0.7096774193548387,
      "bias_dis": 0.3111111111111111,
      "n_non_stereo_amb": 44,
      "n_amb_not_unk": 62,
      "n_stereo_dis": 14,
      "n_disamb_not_unk": 45
    }
  },
  "predictions": [
    0,
    2,
    2,
    2,
    0,
    0,
    2,
    1,
    0,
    1,
    2,
    2,
    1,
    2,
    2,
    1,
    0,
    1,
    1,
    2,
    1,
    1,
    2,
    2,
    0,
    1,
    0,
    0,
    0,
    1,
    2,
    0,
    1,
    1,
    1,
    1,
    0,
    0,
    1,
    1,
    0,
    1,
    0,
    1,
    2,
    0,
    0,
    0,
    0,
    2,
    0,
    1,
    1,
    2,
    1,
    1,
    2,
    1,
    2,
    2,
    1,
    1,
    2,
    1,
    2,
    1,
    1,
    1,
    0,
    0,
    1,
    2,
    0,
    2,
    1,
    0,
    0,
    2,
    0,
    0,
    1,
    2,
    1,
    2,
    0,
    1,
    0,
    0,
    0,
    1,
    2,
    0,
    0,
    1,
    1,
    2,
    2,
    2,
    1,
    1,
    1,
    0,
    0,
    2,
    0,
    1,
    0,
    1,
    1,
    0,
    0,
    0,
    2,
    0,
    1,
    2,
    2,
    1,
    2,
    0,
    0,
    1,
    1,
    1,
    2,
    1,
    0,
    1,
    2,
    2,
    2,
    1,
    0,
    1,
    1,
    2,
    0,
    0,
    0,
    0,
    2,
    1,
    2,
    2,
    1,
    2,
    1,
    2,
    1,
    1,
    1,
    1
  ]
}