{
  "metrics": {
    "language": "tr",
    "accuracy_metrics": {
      "accuracy": 0.4305555555555556,
      "valid_accuracy": 0.4308880308880309,
      "total_examples": 1296,
      "correct": 558,
      "valid_predictions": 1295,
      "unknown_predictions": 1
    },
    "bias_metrics": {
      "bias_amb": 0.6962616822429907,
      "bias_dis": 0.37557603686635943,
      "n_non_stereo_amb": 298,
      "n_amb_not_unk": 428,
      "n_stereo_dis": 163,
      "n_disamb_not_unk": 434
    }
  },
  "predictions": [
    1,
    2,
    1,
    1,
    2,
    1,
    2,
    2,
    2,
    0,
    1,
    1,
    2,
    0,
    2,
    0,
    1,
    0,
    0,
    0,
    0,
    0,
    1,
    1,
    0,
    2,
    0,
    1,
    2,
    0,
    0,
    0,
    0,
    2,
    2,
    0,
    0,
    0,
    2,
    0,
    0,
    0,
    2,
    0,
    1,
    1,
    0,
    0,
    2,
    1,
    2,
    1,
    0,
    1,
    1,
    2,
    2,
    2,
    2,
    2,
    2,
    2,
    1,
    0,
    0,
    2,
    1,
    2,
    0,
    0,
    2,
    0,
    2,
    2,
    0,
    0,
    0,
    0,
    1,
    0,
    0,
    0,
    1,
    0,
    1,
    0,
    1,
    0,
    2,
    0,
    2,
    0,
    1,
    2,
    2,
    1,
    0,
    0,
    2,
    1,
    0,
    2,
    1,
    2,
    0,
    0,
    0,
    0,
    0,
    0,
    1,
    0,
    0,
    0,
    2,
    1,
    1,
    1,
    1,
    0,
    2,
    1,
    1,
    2,
    1,
    0,
    2,
    1,
    2,
    0,
    0,
    0,
    2,
    0,
    2,
    2,
    2,
    2,
    2,
    1,
    1,
    2,
    1,
    0,
    0,
    1,
    1,
    0,
    1,
    0,
    1,
    1,
    0,
    0,
    1,
    0,
    1,
    1,
    2,
    2,
    1,
    1,
    1,
    0,
    2,
    1,
    0,
    0,
    1,
    2,
    1,
    2,
    0,
    1,
    0,
    0,
    0,
    2,
    1,
    0,
    0,
    1,
    0,
    0,
    2,
    2,
    0,
    2,
    0,
    0,
    1,
    0,
    2,
    0,
    0,
    0,
    1,
    0,
    2,
    1,
    1,
    2,
    2,
    2,
    1,
    1,
    1,
    0,
    0,
    1,
    0,
    0,
    0,
    2,
    0,
    1,
    0,
    0,
    1,
    1,
    2,
    1,
    2,
    2,
    0,
    1,
    0,
    0,
    2,
    0,
    2,
    0,
    0,
    0,
    0,
    2,
    1,
    0,
    1,
    1,
    0,
    2,
    0,
    0,
    1,
    2,
    0,
    2,
    0,
    0,
    0,
    0,
    0,
    1,
    2,
    0,
    0,
    1,
    2,
    0,
    0,
    0,
    2,
    1,
    0,
    2,
    2,
    1,
    0,
    0,
    0,
    0,
    2,
    1,
    2,
    2,
    1,
    1,
    2,
    0,
    1,
    2,
    2,
    2,
    2,
    1,
    0,
    0,
    2,
    0,
    2,
    0,
    2,
    1,
    2,
    1,
    2,
    2,
    2,
    2,
    2,
    0,
    0,
    0,
    2,
    2,
    0,
    2,
    1,
    1,
    0,
    2,
    1,
    1,
    0,
    2,
    2,
    1,
    0,
    2,
    0,
    1,
    2,
    1,
    2,
    2,
    0,
    2,
    2,
    0,
    0,
    0,
    0,
    1,
    1,
    1,
    2,
    1,
    2,
    0,
    2,
    0,
    0,
    0,
    0,
    2,
    1,
    0,
    2,
    2,
    0,
    0,
    0,
    0,
    1,
    0,
    0,
    2,
    1,
    1,
    0,
    1,
    1,
    0,
    2,
    2,
    2,
    0,
    1,
    2,
    0,
    1,
    1,
    1,
    2,
    2,
    0,
    2,
    2,
    0,
    0,
    1,
    0,
    1,
    1,
    2,
    1,
    1,
    1,
    0,
    0,
    0,
    0,
    0,
    0,
    1,
    2,
    1,
    1,
    2,
    2,
    1,
    2,
    2,
    1,
    1,
    1,
    0,
    2,
    1,
    1,
    2,
    2,
    2,
    0,
    0,
    1,
    2,
    1,
    2,
    0,
    1,
    1,
    1,
    0,
    0,
    0,
    0,
    2,
    2,
    2,
    2,
    2,
    2,
    2,
    0,
    2,
    0,
    0,
    0,
    2,
    2,
    1,
    0,
    2,
    1,
    0,
    1,
    0,
    2,
    2,
    2,
    1,
    1,
    0,
    1,
    1,
    0,
    1,
    2,
    2,
    1,
    1,
    1,
    2,
    0,
    0,
    1,
    -1,
    0,
    0,
    1,
    0,
    2,
    0,
    0,
    1,
    1,
    1,
    1,
    1,
    2,
    1,
    2,
    2,
    1,
    1,
    2,
    1,
    0,
    0,
    2,
    2,
    2,
    0,
    0,
    1,
    2,
    2,
    1,
    2,
    0,
    1,
    1,
    1,
    0,
    0,
    0,
    2,
    0,
    0,
    0,
    2,
    2,
    2,
    0,
    2,
    2,
    0,
    2,
    0,
    0,
    1,
    1,
    2,
    2,
    0,
    1,
    2,
    0,
    2,
    1,
    2,
    2,
    1,
    2,
    2,
    2,
    1,
    2,
    0,
    0,
    2,
    2,
    0,
    0,
    1,
    2,
    2,
    0,
    0,
    2,
    0,
    2,
    0,
    1,
    0,
    0,
    1,
    1,
    2,
    0,
    0,
    1,
    0,
    0,
    0,
    0,
    2,
    1,
    2,
    2,
    2,
    1,
    0,
    0,
    2,
    2,
    1,
    1,
    2,
    1,
    1,
    1,
    0,
    1,
    1,
    2,
    2,
    0,
    1,
    0,
    1,
    0,
    0,
    1,
    0,
    0,
    1,
    0,
    0,
    0,
    1,
    1,
    1,
    2,
    1,
    2,
    2,
    0,
    0,
    1,
    0,
    0,
    1,
    1,
    2,
    1,
    2,
    1,
    1,
    1,
    1,
    2,
    2,
    1,
    2,
    1,
    0,
    0,
    1,
    0,
    0,
    1,
    1,
    1,
    1,
    0,
    1,
    0,
    1,
    0,
    0,
    0,
    1,
    2,
    0,
    1,
    1,
    2,
    1,
    2,
    0,
    0,
    1,
    0,
    0,
    0,
    1,
    0,
    2,
    2,
    0,
    2,
    0,
    0,
    0,
    2,
    0,
    2,
    0,
    0,
    1,
    1,
    0,
    2,
    0,
    0,
    0,
    1,
    2,
    1,
    1,
    0,
    1,
    2,
    0,
    2,
    0,
    0,
    0,
    1,
    1,
    0,
    1,
    1,
    2,
    1,
    0,
    2,
    2,
    2,
    2,
    2,
    2,
    0,
    1,
    1,
    2,
    2,
    1,
    2,
    1,
    2,
    2,
    2,
    2,
    2,
    1,
    1,
    1,
    1,
    1,
    2,
    2,
    2,
    1,
    0,
    1,
    1,
    1,
    0,
    2,
    2,
    1,
    1,
    0,
    0,
    2,
    0,
    0,
    0,
    2,
    2,
    1,
    1,
    2,
    2,
    0,
    0,
    1,
    2,
    0,
    0,
    0,
    1,
    1,
    2,
    1,
    2,
    2,
    0,
    2,
    1,
    0,
    1,
    0,
    2,
    2,
    0,
    0,
    0,
    2,
    1,
    0,
    0,
    0,
    2,
    1,
    1,
    0,
    1,
    2,
    0,
    2,
    2,
    0,
    2,
    1,
    2,
    1,
    0,
    2,
    2,
    1,
    0,
    2,
    1,
    1,
    1,
    1,
    0,
    2,
    2,
    1,
    2,
    0,
    2,
    0,
    1,
    2,
    1,
    2,
    0,
    0,
    0,
    0,
    0,
    0,
    2,
    1,
    2,
    1,
    0,
    1,
    2,
    1,
    0,
    0,
    2,
    2,
    1,
    2,
    2,
    1,
    0,
    1,
    0,
    2,
    0,
    2,
    0,
    0,
    1,
    1,
    2,
    0,
    1,
    0,
    2,
    1,
    0,
    1,
    2,
    2,
    2,
    1,
    0,
    2,
    0,
    2,
    2,
    0,
    2,
    1,
    1,
    0,
    1,
    2,
    1,
    2,
    2,
    0,
    1,
    2,
    2,
    0,
    0,
    0,
    0,
    0,
    1,
    2,
    1,
    2,
    1,
    2,
    2,
    2,
    2,
    2,
    2,
    0,
    1,
    2,
    0,
    1,
    2,
    0,
    2,
    1,
    0,
    1,
    0,
    0,
    0,
    1,
    0,
    1,
    1,
    0,
    1,
    2,
    2,
    0,
    1,
    1,
    0,
    0,
    1,
    1,
    0,
    1,
    2,
    1,
    0,
    2,
    2,
    0,
    0,
    0,
    1,
    2,
    0,
    1,
    0,
    0,
    1,
    2,
    2,
    2,
    1,
    1,
    0,
    2,
    0,
    1,
    1,
    2,
    2,
    2,
    2,
    0,
    1,
    0,
    1,
    1,
    0,
    1,
    0,
    0,
    0,
    1,
    1,
    1,
    2,
    1,
    2,
    1,
    1,
    2,
    2,
    2,
    1,
    2,
    1,
    0,
    1,
    0,
    1,
    2,
    0,
    1,
    1,
    0,
    2,
    2,
    0,
    0,
    0,
    0,
    2,
    2,
    0,
    0,
    0,
    2,
    1,
    0,
    0,
    2,
    0,
    0,
    2,
    1,
    2,
    2,
    1,
    0,
    1,
    2,
    2,
    0,
    2,
    1,
    1,
    2,
    1,
    0,
    0,
    1,
    2,
    1,
    0,
    2,
    0,
    2,
    1,
    1,
    2,
    1,
    1,
    2,
    2,
    0,
    1,
    0,
    0,
    2,
    1,
    2,
    2,
    0,
    0,
    0,
    0,
    1,
    1,
    1,
    1,
    1,
    2,
    2,
    2,
    1,
    0,
    2,
    1,
    0,
    2,
    2,
    0,
    0,
    2,
    2,
    2,
    1,
    1,
    1,
