{
  "metrics": {
    "language": "tr",
    "accuracy_metrics": {
      "accuracy": 0.3726851851851852,
      "valid_accuracy": 0.3726851851851852,
      "total_examples": 1296,
      "correct": 483,
      "valid_predictions": 1296,
      "unknown_predictions": 0
    },
    "bias_metrics": {
      "bias_amb": 0.7385321100917431,
      "bias_dis": 0.36511627906976746,
      "n_non_stereo_amb": 322,
      "n_amb_not_unk": 436,
      "n_stereo_dis": 157,
      "n_disamb_not_unk": 430
    }
  },
  "predictions": [
    0,
    2,
    1,
    1,
    2,
    0,
    0,
    0,
    2,
    1,
    1,
    2,
    1,
    2,
    0,
    0,
    1,
    0,
    0,
    0,
    2,
    2,
    2,
    0,
    0,
    0,
    0,
    1,
    0,
    0,
    2,
    1,
    2,
    0,
    1,
    0,
    0,
    2,
    1,
    0,
    1,
    2,
    2,
    0,
    1,
    1,
    0,
    0,
    0,
    0,
    1,
    2,
    0,
    2,
    0,
    1,
    2,
    2,
    2,
    1,
    2,
    2,
    1,
    0,
    1,
    0,
    0,
    2,
    1,
    0,
    1,
    0,
    2,
    2,
    0,
    2,
    2,
    2,
    2,
    2,
    2,
    2,
    2,
    2,
    1,
    2,
    2,
    2,
    2,
    1,
    0,
    1,
    1,
    1,
    0,
    0,
    1,
    0,
    1,
    1,
    0,
    0,
    0,
    1,
    2,
    0,
    1,
    1,
    2,
    2,
    0,
    0,
    0,
    1,
    0,
    0,
    0,
    1,
    0,
    1,
    0,
    2,
    1,
    1,
    0,
    2,
    0,
    1,
    1,
    2,
    1,
    2,
    0,
    2,
    2,
    0,
    1,
    1,
    0,
    0,
    0,
    2,
    0,
    1,
    0,
    2,
    2,
    0,
    0,
    0,
    0,
    1,
    2,
    1,
    2,
    2,
    0,
    0,
    1,
    1,
    0,
    0,
    1,
    0,
    2,
    2,
    2,
    2,
    1,
    1,
    1,
    2,
    0,
    0,
    0,
    2,
    2,
    0,
    0,
    1,
    2,
    1,
    1,
    0,
    1,
    0,
    2,
    2,
    1,
    2,
    2,
    1,
    0,
    0,
    2,
    0,
    0,
    0,
    2,
    0,
    0,
    0,
    1,
    1,
    0,
    2,
    2,
    0,
    2,
    2,
    2,
    2,
    2,
    2,
    2,
    2,
    0,
    2,
    1,
    2,
    0,
    0,
    2,
    1,
    1,
    2,
    1,
    1,
    0,
    0,
    1,
    2,
    2,
    2,
    0,
    2,
    1,
    0,
    1,
    1,
    0,
    2,
    0,
    0,
    1,
    2,
    2,
    1,
    1,
    1,
    0,
    1,
    0,
    2,
    2,
    0,
    1,
    2,
    1,
    1,
    1,
    1,
    0,
    0,
    2,
    1,
    0,
    0,
    2,
    1,
    1,
    0,
    2,
    2,
    2,
    2,
    0,
    0,
    2,
    0,
    1,
    0,
    2,
    1,
    0,
    0,
    2,
    0,
    2,
    2,
    0,
    0,
    1,
    0,
    0,
    1,
    1,
    1,
    2,
    1,
    1,
    0,
    2,
    1,
    1,
    1,
    1,
    2,
    1,
    1,
    2,
    0,
    1,
    1,
    1,
    0,
    2,
    2,
    2,
    1,
    0,
    0,
    0,
    0,
    2,
    2,
    0,
    0,
    0,
    0,
    2,
    2,
    1,
    2,
    1,
    0,
    1,
    0,
    1,
    0,
    1,
    0,
    2,
    0,
    0,
    2,
    2,
    0,
    0,
    1,
    2,
    1,
    0,
    1,
    1,
    1,
    1,
    1,
    0,
    1,
    1,
    0,
    0,
    0,
    2,
    0,
    0,
    1,
    1,
    1,
    2,
    1,
    1,
    0,
    0,
    2,
    0,
    1,
    1,
    0,
    0,
    1,
    2,
    0,
    0,
    1,
    1,
    2,
    2,
    2,
    0,
    0,
    2,
    0,
    2,
    2,
    1,
    2,
    0,
    0,
    0,
    2,
    0,
    1,
    0,
    2,
    2,
    1,
    2,
    2,
    2,
    0,
    1,
    1,
    0,
    2,
    0,
    2,
    2,
    2,
    2,
    2,
    2,
    2,
    1,
    0,
    0,
    1,
    1,
    0,
    0,
    1,
    2,
    1,
    0,
    0,
    2,
    0,
    1,
    2,
    2,
    1,
    1,
    2,
    1,
    0,
    0,
    0,
    1,
    2,
    2,
    1,
    2,
    1,
    0,
    1,
    1,
    0,
    0,
    1,
    1,
    0,
    1,
    2,
    0,
    0,
    1,
    1,
    2,
    2,
    1,
    2,
    0,
    0,
    1,
    0,
    0,
    0,
    0,
    1,
    1,
    1,
    1,
    0,
    0,
    1,
    1,
    1,
    1,
    2,
    1,
    2,
    0,
    0,
    0,
    1,
    2,
    0,
    2,
    1,
    1,
    1,
    2,
    1,
    0,
    0,
    1,
    2,
    0,
    2,
    0,
    2,
    0,
    2,
    1,
    2,
    2,
    2,
    1,
    0,
    1,
    1,
    0,
    2,
    2,
    1,
    0,
    2,
    1,
    0,
    0,
    0,
    2,
    0,
    1,
    1,
    1,
    1,
    0,
    1,
    2,
    0,
    0,
    0,
    2,
    1,
    0,
    1,
    1,
    2,
    0,
    0,
    0,
    1,
    2,
    1,
    1,
    1,
    0,
    0,
    2,
    2,
    2,
    1,
    2,
    2,
    1,
    2,
    2,
    1,
    0,
    0,
    2,
    2,
    2,
    1,
    0,
    0,
    2,
    1,
    2,
    2,
    0,
    2,
    0,
    2,
    0,
    1,
    0,
    2,
    1,
    2,
    0,
    0,
    0,
    0,
    0,
    2,
    1,
    0,
    2,
    2,
    1,
    0,
    0,
    0,
    1,
    1,
    1,
    2,
    0,
    2,
    2,
    0,
    0,
    2,
    0,
    0,
    0,
    1,
    2,
    1,
    1,
    1,
    1,
    2,
    2,
    2,
    0,
    2,
    2,
    1,
    2,
    0,
    2,
    2,
    1,
    2,
    2,
    2,
    2,
    2,
    0,
    1,
    0,
    1,
    2,
    0,
    0,
    1,
    2,
    1,
    2,
    2,
    0,
    2,
    2,
    0,
    1,
    2,
    1,
    2,
    1,
    2,
    1,
    2,
    1,
    0,
    2,
    1,
    1,
    0,
    0,
    2,
    0,
    0,
    1,
    1,
    2,
    1,
    2,
    1,
    0,
    0,
    2,
    2,
    0,
    2,
    1,
    2,
    2,
    2,
    1,
    2,
    0,
    2,
    0,
    1,
    1,
    0,
    0,
    1,
    0,
    1,
    2,
    2,
    2,
    0,
    2,
    2,
    0,
    1,
    1,
    2,
    2,
    1,
    1,
    0,
    2,
    2,
    0,
    1,
    1,
    0,
    0,
    1,
    2,
    2,
    0,
    1,
    1,
    1,
    1,
    0,
    2,
    1,
    2,
    1,
    1,
    0,
    1,
    1,
    1,
    1,
    0,
    2,
    1,
    1,
    2,
    0,
    2,
    1,
    1,
    0,
    1,
    1,
    2,
    1,
    0,
    1,
    0,
    0,
    0,
    0,
    2,
    0,
    1,
    1,
    1,
    2,
    0,
    0,
    2,
    1,
    0,
    1,
    0,
    1,
    0,
    2,
    0,
    2,
    1,
    2,
    1,
    2,
    0,
    0,
    1,
    1,
    2,
    1,
    0,
    1,
    1,
    1,
    1,
    0,
    1,
    0,
    1,
    0,
    0,
    0,
    2,
    1,
    0,
    1,
    2,
    2,
    1,
    0,
    1,
    1,
    2,
    0,
    1,
    1,
    1,
    0,
    0,
    0,
    1,
    0,
    0,
    2,
    1,
    0,
    1,
    0,
    0,
    1,
    2,
    2,
    2,
    0,
    2,
    2,
    0,
    1,
    1,
    1,
    0,
    2,
    2,
    2,
    1,
    0,
    1,
    1,
    0,
    0,
    2,
    2,
    0,
    0,
    2,
    1,
    2,
    0,
    1,
    0,
    0,
    0,
    1,
    0,
    1,
    0,
    2,
    0,
    2,
    0,
    2,
    1,
    0,
    0,
    1,
    1,
    1,
    1,
    0,
    0,
    2,
    0,
    0,
    0,
    0,
    0,
    0,
    0,
    0,
    0,
    2,
    2,
    2,
    2,
    2,
    1,
    0,
    0,
    2,
    2,
    1,
    2,
    1,
    2,
    0,
    1,
    2,
    2,
    1,
    2,
    0,
    2,
    1,
    0,
    0,
    1,
    1,
    2,
    2,
    1,
    1,
    2,
    1,
    1,
    2,
    1,
    0,
    0,
    1,
    1,
    0,
    2,
    1,
    2,
    2,
    2,
    0,
    1,
    0,
    2,
    2,
    0,
    2,
    1,
    0,
    0,
    0,
    0,
    0,
    1,
    2,
    1,
    1,
    0,
    2,
    0,
    1,
    1,
    0,
    1,
    1,
    0,
    1,
    2,
    0,
    2,
    0,
    2,
    0,
    0,
    2,
    0,
    2,
    2,
    2,
    1,
    0,
    0,
    2,
    2,
    1,
    2,
    0,
    1,
    1,
    2,
    1,
    1,
    1,
    1,
    1,
    1,
    0,
    1,
    2,
    0,
    2,
    2,
    2,
    2,
    0,
    0,
    1,
    1,
    1,
    2,
    0,
    1,
    2,
    0,
    0,
    0,
    0,
    0,
    1,
    2,
    2,
    1,
    1,
    1,
    0,
    0,
    0,
    2,
    1,
    0,
    0,
    0,
    1,
    1,
    0,
    1,
    2,
    1,
    2,
    0,
    0,
    2,
    0,
    0,
    0,
    0,
    0,
    0,
    2,
    1,
    0,
    0,
    2,
    2,
    1,
    1,
    0,
    2,
    2,
    0,
    0,
    1,
    1,
    1,
    2,
    0,
    2,
    0,
    1,
    0,
    0,
