{
  "metrics": {
    "language": "en",
    "accuracy_metrics": {
      "accuracy": 0.32894736842105265,
      "valid_accuracy": 0.33112582781456956,
      "total_examples": 152,
      "correct": 50,
      "valid_predictions": 151,
      "unknown_predictions": 1
    },
    "bias_metrics": {
      "bias_amb": 0.8387096774193549,
      "bias_dis": 0.37777777777777777,
      "n_non_stereo_amb": 52,
      "n_amb_not_unk": 62,
      "n_stereo_dis": 17,
      "n_disamb_not_unk": 45
    }
  },
  "predictions": [
    1,
    2,
    2,
    2,
    1,
    1,
    1,
    1,
    1,
    1,
    1,
    1,
    1,
    2,
    2,
    2,
    2,
    2,
    2,
    2,
    1,
    2,
    2,
    2,
    1,
    1,
    1,
    1,
    1,
    1,
    1,
    1,
    2,
    2,
    0,
    1,
    2,
    1,
    2,
    2,
    1,
    1,
    1,
    1,
    1,
    1,
    1,
    1,
    0,
    1,
    1,
    2,
    1,
    1,
    1,
    1,
    1,
    1,
    1,
    1,
    1,
    1,
    1,
    1,
    1,
    1,
    1,
    1,
    2,
    2,
    1,
    2,
    1,
    1,
    1,
    2,
    1,
    1,
    1,
    -1,
    0,
    0,
    1,
    0,
    1,
    1,
    1,
    1,
    1,
    1,
    1,
    1,
    0,
    2,
    1,
    0,
    0,
    0,
    1,
    2,
    0,
    2,
    2,
    2,
    1,
    1,
    1,
    0,
    1,
    2,
    2,
    0,
    1,
    2,
    2,
    2,
    1,
    1,
    1,
    1,
    1,
    1,
    1,
    1,
    1,
    1,
    1,
    1,
    2,
    1,
    1,
    1,
    1,
    1,
    1,
    1,
    1,
    1,
    1,
    1,
    1,
    0,
    1,
    1,
    1,
    1,
    2,
    2,
    1,
    1,
    1,
    1
  ]
}