{
  "metrics": {
    "language": "nl",
    "accuracy_metrics": {
      "accuracy": 0.29336734693877553,
      "valid_accuracy": 0.2948717948717949,
      "total_examples": 1176,
      "correct": 345,
      "valid_predictions": 1170,
      "unknown_predictions": 6
    },
    "bias_metrics": {
      "bias_amb": 0.9005681818181818,
      "bias_dis": 0.441747572815534,
      "n_non_stereo_amb": 317,
      "n_amb_not_unk": 352,
      "n_stereo_dis": 182,
      "n_disamb_not_unk": 412
    }
  },
  "predictions": [
    1,
    1,
    1,
    1,
    1,
    1,
    1,
    0,
    0,
    2,
    2,
    2,
    1,
    1,
    1,
    1,
    1,
    1,
    2,
    2,
    2,
    1,
    2,
    1,
    1,
    1,
    2,
    1,
    2,
    1,
    2,
    2,
    1,
    1,
    1,
    1,
    2,
    2,
    2,
    2,
    2,
    2,
    2,
    2,
    1,
    1,
    0,
    1,
    2,
    2,
    2,
    1,
    1,
    1,
    1,
    1,
    1,
    1,
    1,
    1,
    2,
    1,
    2,
    2,
    1,
    1,
    2,
    1,
    1,
    1,
    1,
    1,
    2,
    1,
    2,
    2,
    1,
    0,
    1,
    1,
    1,
    0,
    1,
    1,
    1,
    1,
    1,
    2,
    2,
    0,
    0,
    2,
    1,
    1,
    1,
    2,
    1,
    1,
    1,
    1,
    1,
    0,
    1,
    1,
    1,
    2,
    1,
    2,
    1,
    1,
    1,
    1,
    0,
    1,
    1,
    1,
    2,
    1,
    2,
    1,
    2,
    1,
    1,
    2,
    1,
    0,
    1,
    0,
    1,
    1,
    1,
    1,
    2,
    2,
    2,
    1,
    2,
    2,
    2,
    2,
    2,
    1,
    1,
    1,
    1,
    2,
    1,
    2,
    1,
    1,
    1,
    2,
    1,
    1,
    2,
    1,
    1,
    1,
    0,
    1,
    1,
    2,
    2,
    1,
    2,
    2,
    1,
    2,
    1,
    1,
    0,
    2,
    1,
    1,
    2,
    0,
    2,
    2,
    1,
    1,
    1,
    1,
    1,
    1,
    2,
    2,
    1,
    2,
    2,
    1,
    1,
    1,
    0,
    1,
    0,
    0,
    0,
    2,
    2,
    1,
    1,
    1,
    0,
    0,
    2,
    1,
    1,
    1,
    1,
    2,
    1,
    2,
    1,
    -1,
    1,
    1,
    2,
    2,
    2,
    1,
    1,
    1,
    2,
    1,
    1,
    1,
    1,
    1,
    1,
    2,
    0,
    2,
    0,
    1,
    1,
    1,
    1,
    1,
    1,
    2,
    1,
    -1,
    1,
    1,
    1,
    1,
    1,
    1,
    1,
    1,
    1,
    1,
    1,
    2,
    0,
    2,
    1,
    1,
    1,
    1,
    1,
    2,
    1,
    2,
    1,
    1,
    -1,
    1,
    1,
    1,
    0,
    1,
    2,
    1,
    1,
    1,
    1,
    1,
    2,
    1,
    0,
    2,
    2,
    2,
    2,
    2,
    2,
    2,
    0,
    2,
    2,
    2,
    1,
    1,
    1,
    1,
    2,
    2,
    2,
    2,
    1,
    1,
    1,
    0,
    2,
    2,
    2,
    2,
    1,
    1,
    1,
    2,
    1,
    1,
    1,
    1,
    2,
    2,
    0,
    2,
    2,
    1,
    2,
    2,
    1,
    1,
    1,
    1,
    2,
    2,
    2,
    2,
    1,
    2,
    1,
    1,
    0,
    1,
    0,
    2,
    1,
    1,
    0,
    1,
    1,
    1,
    1,
    0,
    2,
    2,
    1,
    2,
    2,
    0,
    2,
    2,
    1,
    1,
    1,
    1,
    2,
    2,
    2,
    2,
    1,
    1,
    1,
    1,
    1,
    1,
    1,
    1,
    0,
    2,
    2,
    2,
    1,
    1,
    1,
    1,
    1,
    1,
    1,
    1,
    2,
    1,
    2,
    2,
    1,
    1,
    1,
    1,
    1,
    2,
    1,
    1,
    2,
    2,
    2,
    2,
    1,
    1,
    1,
    1,
    2,
    2,
    2,
    2,
    1,
    1,
    2,
    2,
    2,
    2,
    2,
    2,
    1,
    1,
    1,
    1,
    1,
    0,
    1,
    1,
    2,
    2,
    2,
    0,
    1,
    1,
    1,
    1,
    1,
    1,
    1,
    1,
    2,
    2,
    2,
    2,
    1,
    1,
    1,
    1,
    1,
    1,
    1,
    1,
    0,
    1,
    0,
    1,
    2,
    2,
    1,
    2,
    1,
    1,
    0,
    1,
    0,
    1,
    1,
    1,
    2,
    2,
    2,
    2,
    1,
    1,
    1,
    2,
    1,
    1,
    1,
    1,
    1,
    1,
    1,
    1,
    1,
    1,
    2,
    1,
    1,
    1,
    1,
    1,
    1,
    1,
    1,
    1,
    1,
    2,
    1,
    2,
    2,
    2,
    1,
    2,
    2,
    2,
    2,
    2,
    2,
    2,
    0,
    1,
    1,
    1,
    2,
    1,
    2,
    1,
    2,
    1,
    2,
    2,
    2,
    2,
    1,
    1,
    1,
    1,
    2,
    2,
    2,
    2,
    1,
    1,
    1,
    1,
    1,
    2,
    2,
    2,
    1,
    2,
    1,
    1,
    1,
    1,
    1,
    1,
    -1,
    1,
    1,
    1,
    1,
    1,
    1,
    1,
    2,
    2,
    2,
    2,
    1,
    1,
    1,
    1,
    1,
    2,
    2,
    2,
    1,
    1,
    0,
    1,
    2,
    2,
    2,
    2,
    1,
    1,
    0,
    0,
    2,
    2,
    2,
    0,
    1,
    1,
    1,
    1,
    1,
    2,
    1,
    1,
    2,
    1,
    1,
    1,
    1,
    1,
    0,
    1,
    1,
    1,
    1,
    1,
    1,
    1,
    1,
    1,
    1,
    1,
    1,
    0,
    1,
    1,
    0,
    2,
    1,
    1,
    1,
    1,
    1,
    1,
    2,
    0,
    1,
    1,
    0,
    1,
    2,
    0,
    1,
    2,
    1,
    -1,
    2,
    2,
    1,
    1,
    1,
    1,
    2,
    1,
    1,
    1,
    1,
    1,
    1,
    1,
    1,
    1,
    1,
    1,
    1,
    1,
    0,
    1,
    1,
    1,
    1,
    1,
    1,
    1,
    1,
    1,
    1,
    1,
    1,
    1,
    2,
    1,
    2,
    1,
    0,
    1,
    1,
    1,
    2,
    2,
    1,
    2,
    2,
    1,
    1,
    1,
    2,
    1,
    1,
    1,
    1,
    2,
    2,
    2,
    1,
    1,
    1,
    1,
    1,
    1,
    1,
    1,
    0,
    1,
    1,
    1,
    2,
    2,
    1,
    1,
    1,
    1,
    1,
    1,
    1,
    1,
    1,
    1,
    2,
    2,
    2,
    0,
    2,
    2,
    2,
    1,
    1,
    1,
    2,
    2,
    1,
    1,
    1,
    1,
    1,
    1,
    1,
    1,
    1,
    2,
    1,
    2,
    2,
    0,
    2,
    2,
    1,
    1,
    1,
    1,
    2,
    -1,
    0,
    1,
    2,
    2,
    0,
    2,
    2,
    1,
    1,
    1,
    1,
    1,
    1,
    1,
    1,
    1,
    1,
    1,
    2,
    2,
    2,
    1,
    2,
    1,
    1,
    1,
    1,
    1,
    1,
    1,
    1,
    1,
    1,
    1,
    1,
    1,
    1,
    1,
    2,
    2,
    1,
    1,
    2,
    1,
    1,
    1,
    2,
    2,
    1,
    1,
    1,
    1,
    1,
    1,
    2,
    2,
    2,
    2,
    1,
    1,
    1,
    1,
    1,
    2,
    2,
    1,
    1,
    1,
    1,
    1,
    1,
    1,
    1,
    1,
    1,
    1,
    1,
    2,
    1,
    1,
    1,
    1,
    2,
    2,
    2,
    1,
    1,
    2,
    1,
    1,
    2,
    1,
    2,
    1,
    2,
    0,
    2,
    2,
    1,
    1,
    1,
    1,
    2,
    2,
    2,
    0,
    2,
    2,
    2,
    2,
    2,
    1,
    2,
    2,
    1,
    1,
    1,
    2,
    2,
    2,
    2,
    2,
    2,
    2,
    2,
    2,
    1,
    1,
    2,
    1,
    2,
    2,
    1,
    1,
    2,
    2,
    2,
    2,
    1,
    2,
    1,
    1,
    1,
    2,
    1,
    2,
    2,
    2,
    2,
    2,
    2,
    2,
    2,
    2,
    1,
    1,
    1,
    0,
    1,
    1,
    1,
    1,
    2,
    2,
    1,
    2,
    1,
    1,
    1,
    1,
    2,
    1,
    2,
    2,
    1,
    1,
    1,
    1,
    1,
    1,
    1,
    2,
    2,
    2,
    2,
    0,
    2,
    1,
    0,
    2,
    0,
    1,
    1,
    1,
    1,
    1,
    1,
    1,
    1,
    1,
    2,
    2,
    1,
    1,
    1,
    1,
    1,
    1,
    2,
    1,
    2,
    2,
    2,
    2,
    1,
    1,
    1,
    1,
    1,
    1,
    1,
    1,
    1,
    2,
    2,
    2,
    2,
    2,
    2,
    2,
    2,
    1,
    0,
    1,
    1,
    1,
    1,
    1,
    1,
    1,
    1,
    1,
    1,
    1,
    1,
    1,
    1,
    1,
    1,
    1,
    1,
    1,
    1,
    1,
    1,
    1,
    0,
    1,
    1,
    1,
    2,
    2,
    1,
    0,
    1,
    1,
    2,
    2,
    0,
    2,
    1,
    1,
    1,
    1,
    1,
    1,
    1,
    1,
    2,
    2,
    2,
    2,
    1,
    1,
    1,
    1,
    2,
    2,
    1,
    2,
    0,
    1,
    1,
    1,
    2,
    1,
    2,
    2,
    2,
    2,
    2,
    2,
    2,
    2,
    2,
    0,
    2,
    2,
    2,
    2,
    2,
    2,
    2,
    2,
    1,
    1,
    1,
    1,
    2,
    2,
    2,
    1,
