{
  "metrics": {
    "language": "en",
    "accuracy_metrics": {
      "accuracy": 0.5408163265306123,
      "valid_accuracy": 0.5408163265306123,
      "total_examples": 1176,
      "correct": 636,
      "valid_predictions": 1176,
      "unknown_predictions": 0
    },
    "bias_metrics": {
      "bias_amb": 0.6972222222222222,
      "bias_dis": 0.36764705882352944,
      "n_non_stereo_amb": 251,
      "n_amb_not_unk": 360,
      "n_stereo_dis": 150,
      "n_disamb_not_unk": 408
    }
  },
  "predictions": [
    1,
    2,
    1,
    1,
    1,
    0,
    0,
    0,
    2,
    1,
    1,
    2,
    1,
    2,
    0,
    1,
    1,
    2,
    2,
    2,
    2,
    0,
    0,
    0,
    1,
    2,
    2,
    2,
    1,
    0,
    2,
    1,
    1,
    1,
    2,
    0,
    1,
    2,
    1,
    2,
    2,
    1,
    0,
    0,
    1,
    2,
    1,
    1,
    1,
    0,
    2,
    2,
    1,
    0,
    0,
    0,
    2,
    2,
    0,
    0,
    2,
    1,
    1,
    1,
    1,
    1,
    2,
    2,
    0,
    1,
    2,
    2,
    0,
    2,
    1,
    1,
    1,
    2,
    2,
    1,
    1,
    1,
    1,
    2,
    2,
    0,
    1,
    1,
    1,
    1,
    1,
    0,
    0,
    2,
    2,
    1,
    1,
    0,
    1,
    1,
    1,
    2,
    2,
    1,
    1,
    2,
    0,
    0,
    2,
    2,
    0,
    1,
    0,
    0,
    2,
    0,
    1,
    1,
    1,
    1,
    0,
    0,
    2,
    1,
    1,
    1,
    2,
    2,
    0,
    0,
    2,
    2,
    2,
    2,
    1,
    1,
    0,
    0,
    2,
    2,
    0,
    2,
    0,
    1,
    0,
    0,
    0,
    0,
    0,
    0,
    0,
    0,
    2,
    1,
    2,
    2,
    2,
    2,
    2,
    2,
    2,
    0,
    2,
    2,
    0,
    1,
    2,
    2,
    0,
    1,
    0,
    0,
    0,
    0,
    0,
    0,
    1,
    0,
    1,
    1,
    1,
    1,
    1,
    1,
    0,
    1,
    0,
    0,
    0,
    1,
    0,
    0,
    2,
    0,
    2,
    2,
    2,
    2,
    0,
    2,
    1,
    1,
    1,
    1,
    1,
    1,
    1,
    1,
    0,
    0,
    0,
    0,
    0,
    0,
    0,
    0,
    2,
    2,
    1,
    1,
    0,
    2,
    1,
    0,
    2,
    2,
    2,
    1,
    1,
    1,
    2,
    2,
    1,
    1,
    2,
    2,
    1,
    0,
    2,
    1,
    2,
    2,
    2,
    0,
    1,
    1,
    2,
    2,
    1,
    1,
    2,
    2,
    0,
    0,
    1,
    2,
    1,
    1,
    1,
    1,
    1,
    2,
    2,
    1,
    2,
    1,
    1,
    1,
    1,
    1,
    0,
    2,
    1,
    1,
    2,
    0,
    1,
    1,
    1,
    0,
    1,
    1,
    1,
    2,
    1,
    1,
    1,
    1,
    0,
    1,
    2,
    0,
    0,
    1,
    1,
    0,
    1,
    1,
    0,
    2,
    1,
    1,
    2,
    1,
    1,
    2,
    2,
    1,
    2,
    2,
    0,
    1,
    1,
    1,
    1,
    0,
    1,
    2,
    1,
    2,
    1,
    0,
    1,
    1,
    1,
    0,
    1,
    1,
    1,
    1,
    1,
    0,
    2,
    2,
    1,
    1,
    1,
    2,
    0,
    1,
    0,
    0,
    1,
    1,
    0,
    0,
    0,
    1,
    2,
    2,
    0,
    1,
    2,
    2,
    1,
    0,
    0,
    1,
    0,
    1,
    2,
    2,
    0,
    1,
    1,
    1,
    1,
    2,
    1,
    0,
    2,
    2,
    1,
    1,
    0,
    0,
    2,
    2,
    2,
    2,
    1,
    2,
    1,
    0,
    2,
    1,
    0,
    0,
    2,
    0,
    1,
    1,
    2,
    2,
    0,
    1,
    1,
    0,
    1,
    1,
    1,
    1,
    0,
    2,
    1,
    2,
    1,
    0,
    1,
    0,
    0,
    1,
    1,
    0,
    1,
    1,
    2,
    1,
    2,
    0,
    2,
    2,
    1,
    0,
    2,
    0,
    1,
    1,
    1,
    1,
    0,
    0,
    2,
    2,
    0,
    0,
    0,
    1,
    0,
    2,
    2,
    2,
    1,
    1,
    1,
    1,
    0,
    2,
    1,
    2,
    1,
    1,
    0,
    1,
    0,
    2,
    1,
    1,
    0,
    1,
    1,
    0,
    1,
    2,
    1,
    2,
    1,
    1,
    0,
    1,
    1,
    1,
    0,
    2,
    2,
    0,
    1,
    2,
    2,
    1,
    1,
    2,
    1,
    1,
    1,
    1,
    1,
    1,
    0,
    2,
    0,
    2,
    1,
    2,
    2,
    2,
    2,
    1,
    1,
    1,
    1,
    2,
    0,
    0,
    0,
    2,
    1,
    2,
    0,
    2,
    1,
    2,
    1,
    0,
    0,
    1,
    1,
    0,
    2,
    0,
    0,
    0,
    1,
    1,
    1,
    0,
    2,
    2,
    1,
    0,
    1,
    2,
    1,
    1,
    1,
    2,
    1,
    0,
    0,
    1,
    0,
    2,
    1,
    0,
    1,
    2,
    1,
    2,
    2,
    1,
    1,
    1,
    0,
    2,
    2,
    0,
    1,
    2,
    2,
    2,
    0,
    1,
    1,
    2,
    1,
    2,
    2,
    1,
    1,
    1,
    1,
    0,
    2,
    1,
    2,
    2,
    0,
    1,
    1,
    2,
    1,
    2,
    1,
    2,
    1,
    2,
    2,
    2,
    1,
    0,
    1,
    0,
    2,
    1,
    1,
    0,
    2,
    2,
    0,
    2,
    2,
    0,
    0,
    2,
    1,
    0,
    1,
    1,
    0,
    1,
    0,
    2,
    1,
    1,
    0,
    2,
    1,
    0,
    1,
    2,
    1,
    1,
    1,
    1,
    0,
    1,
    0,
    2,
    1,
    2,
    2,
    1,
    1,
    2,
    1,
    0,
    1,
    1,
    2,
    1,
    1,
    0,
    1,
    2,
    2,
    0,
    1,
    1,
    1,
    1,
    2,
    0,
    0,
    2,
    1,
    1,
    0,
    1,
    2,
    0,
    0,
    2,
    2,
    1,
    0,
    1,
    0,
    0,
    2,
    1,
    2,
    2,
    1,
    2,
    1,
    1,
    1,
    0,
    1,
    1,
    2,
    1,
    0,
    1,
    2,
    0,
    0,
    1,
    1,
    1,
    0,
    2,
    0,
    1,
    0,
    0,
    2,
    2,
    1,
    1,
    0,
    2,
    1,
    1,
    1,
    0,
    1,
    1,
    2,
    2,
    2,
    1,
    0,
    0,
    0,
    0,
    0,
    1,
    2,
    1,
    2,
    0,
    2,
    1,
    1,
    1,
    0,
    1,
    2,
    0,
    0,
    1,
    1,
    0,
    2,
    2,
    2,
    2,
    0,
    0,
    1,
    2,
    1,
    1,
    0,
    0,
    1,
    1,
    2,
    2,
    1,
    1,
    0,
    0,
    2,
    2,
    2,
    2,
    0,
    1,
    1,
    0,
    0,
    1,
    0,
    1,
    0,
    1,
    0,
    1,
    1,
    2,
    1,
    1,
    2,
    2,
    2,
    2,
    1,
    1,
    0,
    0,
    0,
    0,
    1,
    2,
    1,
    1,
    1,
    2,
    2,
    1,
    2,
    2,
    0,
    2,
    2,
    2,
    2,
    2,
    1,
    1,
    1,
    1,
    1,
    1,
    0,
    0,
    0,
    0,
    0,
    1,
    0,
    0,
    0,
    0,
    0,
    0,
    0,
    0,
    1,
    0,
    0,
    0,
    1,
    1,
    0,
    1,
    2,
    0,
    0,
    0,
    1,
    2,
    1,
    0,
    2,
    1,
    0,
    1,
    1,
    2,
    1,
    1,
    1,
    1,
    0,
    1,
    0,
    1,
    2,
    2,
    2,
    1,
    1,
    1,
    2,
    2,
    1,
    0,
    1,
    2,
    1,
    0,
    1,
    1,
    1,
    1,
    0,
    0,
    0,
    1,
    1,
    2,
    0,
    0,
    0,
    2,
    2,
    1,
    1,
    1,
    0,
    1,
    2,
    1,
    0,
    1,
    1,
    2,
    0,
    2,
    1,
    1,
    0,
    2,
    1,
    2,
    1,
    0,
    0,
    1,
    2,
    1,
    1,
    2,
    1,
    1,
    1,
    1,
    1,
    2,
    2,
    1,
    2,
    2,
    1,
    1,
    2,
    2,
    1,
    1,
    1,
    0,
    1,
    1,
    1,
    0,
    1,
    1,
    1,
    0,
    0,
    2,
    1,
    2,
    0,
    2,
    0,
    1,
    1,
    0,
    2,
    2,
    1,
    1,
    1,
    0,
    2,
    2,
    0,
    0,
    1,
    1,
    2,
    2,
    1,
    1,
    0,
    0,
    1,
    0,
    2,
    2,
    0,
    0,
    1,
    1,
    2,
    1,
    2,
    2,
    1,
    1,
    0,
    0,
    1,
    1,
    0,
    0,
    1,
    2,
    2,
    0,
    0,
    0,
    2,
    1,
    1,
    1,
    2,
    0,
    0,
    0,
    0,
    1,
    2,
    2,
    1,
    0,
    1,
    0,
    2,
    0,
    1,
    0,
    2,
    1,
    0,
    1,
    0,
    1,
    1,
    2,
    1,
    0,
    2,
    1,
    0,
    1,
    2,
    1,
    1,
    0,
    1,
    0,
    2,
    2,
    0,
    1,
    0,
    0,
    2,
    1,
    1,
    2,
    2,
    2,
    2,
    0,
    2,
    1,
    1,
    0,
    2,
    0,
    1,
    2,
    2,
    0,
    1,
    1,
    2,
    0,
    1,
    2,
    2,
    1,
    1,
    2,
    1,
    0,
    1,
    2,
    1,
    0,
    2,
    2,
    2,
