{
  "metrics": {
    "language": "es",
    "accuracy_metrics": {
      "accuracy": 0.5738636363636364,
      "valid_accuracy": 0.5738636363636364,
      "total_examples": 528,
      "correct": 303,
      "valid_predictions": 528,
      "unknown_predictions": 0
    },
    "bias_metrics": {
      "bias_amb": 0.625,
      "bias_dis": 0.42934782608695654,
      "n_non_stereo_amb": 100,
      "n_amb_not_unk": 160,
      "n_stereo_dis": 79,
      "n_disamb_not_unk": 184
    }
  },
  "predictions": [
    0,
    2,
    0,
    0,
    1,
    0,
    1,
    1,
    1,
    0,
    1,
    2,
    2,
    0,
    2,
    1,
    2,
    2,
    2,
    0,
    0,
    0,
    0,
    1,
    0,
    1,
    0,
    2,
    1,
    2,
    0,
    2,
    1,
    0,
    1,
    1,
    2,
    1,
    0,
    0,
    0,
    0,
    1,
    0,
    1,
    2,
    0,
    1,
    0,
    0,
    2,
    0,
    0,
    0,
    1,
    1,
    1,
    1,
    0,
    2,
    1,
    1,
    2,
    0,
    1,
    2,
    0,
    2,
    2,
    0,
    0,
    1,
    2,
    1,
    0,
    0,
    1,
    1,
    0,
    1,
    1,
    2,
    2,
    0,
    2,
    0,
    2,
    1,
    0,
    2,
    1,
    2,
    1,
    0,
    1,
    2,
    1,
    2,
    1,
    0,
    2,
    2,
    0,
    0,
    1,
    0,
    0,
    2,
    2,
    1,
    1,
    0,
    2,
    0,
    2,
    1,
    2,
    0,
    2,
    1,
    1,
    0,
    0,
    2,
    1,
    2,
    1,
    0,
    0,
    0,
    2,
    2,
    2,
    2,
    0,
    0,
    2,
    0,
    1,
    1,
    2,
    0,
    1,
    1,
    2,
    0,
    1,
    1,
    2,
    2,
    1,
    0,
    2,
    0,
    2,
    1,
    2,
    2,
    2,
    0,
    1,
    2,
    0,
    2,
    0,
    0,
    1,
    0,
    1,
    2,
    1,
    2,
    0,
    2,
    2,
    2,
    2,
    0,
    1,
    2,
    0,
    2,
    2,
    2,
    0,
    0,
    2,
    1,
    2,
    1,
    2,
    0,
    2,
    1,
    2,
    0,
    2,
    1,
    0,
    1,
    2,
    1,
    0,
    1,
    2,
    0,
    1,
    0,
    2,
    0,
    2,
    2,
    2,
    2,
    1,
    2,
    2,
    1,
    2,
    2,
    1,
    0,
    0,
    1,
    2,
    2,
    0,
    2,
    0,
    2,
    2,
    1,
    0,
    1,
    2,
    2,
    0,
    1,
    2,
    2,
    1,
    2,
    1,
    2,
    0,
    1,
    0,
    1,
    2,
    0,
    2,
    2,
    0,
    1,
    1,
    2,
    1,
    0,
    2,
    1,
    0,
    1,
    1,
    1,
    2,
    2,
    1,
    0,
    2,
    2,
    2,
    2,
    0,
    1,
    0,
    1,
    1,
    0,
    1,
    2,
    0,
    1,
    0,
    0,
    0,
    0,
    0,
    1,
    0,
    2,
    0,
    1,
    1,
    1,
    2,
    0,
    2,
    2,
    0,
    2,
    0,
    2,
    1,
    1,
    2,
    2,
    2,
    1,
    1,
    0,
    2,
    1,
    1,
    2,
    2,
    2,
    2,
    2,
    1,
    0,
    2,
    0,
    2,
    0,
    2,
    2,
    2,
    0,
    0,
    1,
    2,
    2,
    1,
    2,
    1,
    2,
    2,
    0,
    0,
    1,
    2,
    1,
    1,
    0,
    2,
    0,
    2,
    0,
    0,
    2,
    2,
    0,
    0,
    2,
    2,
    2,
    0,
    2,
    1,
    0,
    0,
    1,
    1,
    0,
    0,
    0,
    2,
    1,
    0,
    0,
    0,
    2,
    2,
    0,
    0,
    1,
    0,
    1,
    1,
    0,
    1,
    2,
    2,
    2,
    2,
    2,
    2,
    2,
    0,
    1,
    2,
    2,
    0,
    2,
    0,
    2,
    0,
    1,
    0,
    1,
    1,
    0,
    1,
    0,
    0,
    2,
    0,
    2,
    0,
    2,
    0,
    0,
    1,
    2,
    0,
    1,
    1,
    2,
    0,
    0,
    0,
    0,
    1,
    0,
    1,
    0,
    0,
    0,
    0,
    1,
    0,
    2,
    2,
    0,
    2,
    2,
    1,
    0,
    0,
    0,
    2,
    0,
    0,
    1,
    1,
    1,
    2,
    1,
    2,
    0,
    2,
    1,
    2,
    1,
    2,
    2,
    2,
    0,
    2,
    1,
    1,
    1,
    2,
    2,
    0,
    2,
    2,
    0,
    2,
    1,
    1,
    0,
    2,
    0,
    2,
    0,
    2,
    0,
    2,
    1,
    0,
    2,
    0,
    0,
    1,
    0,
    1,
    1,
    0,
    0,
    0,
    1,
    0,
    0,
    0,
    0,
    2,
    1,
    2,
    0,
    1,
    2,
    0,
    1,
    1,
    1,
    0,
    1,
    0,
    1,
    1,
    1,
    1,
    1,
    0,
    2,
    2,
    2,
    1,
    0,
    1,
    2,
    1,
    2,
    1,
    2,
    1,
    0
  ]
}