{
  "metrics": {
    "language": "nl",
    "accuracy_metrics": {
      "accuracy": 0.29605263157894735,
      "valid_accuracy": 0.29605263157894735,
      "total_examples": 152,
      "correct": 45,
      "valid_predictions": 152,
      "unknown_predictions": 0
    },
    "bias_metrics": {
      "bias_amb": 0.9423076923076923,
      "bias_dis": 0.54,
      "n_non_stereo_amb": 49,
      "n_amb_not_unk": 52,
      "n_stereo_dis": 27,
      "n_disamb_not_unk": 50
    }
  },
  "predictions": [
    1,
    1,
    1,
    1,
    0,
    1,
    1,
    2,
    1,
    0,
    1,
    1,
    1,
    1,
    1,
    1,
    1,
    1,
    1,
    1,
    2,
    2,
    1,
    2,
    2,
    2,
    2,
    2,
    2,
    2,
    2,
    2,
    1,
    2,
    2,
    2,
    2,
    0,
    1,
    1,
    2,
    2,
    2,
    2,
    2,
    2,
    2,
    2,
    1,
    1,
    1,
    1,
    1,
    1,
    1,
    1,
    1,
    1,
    1,
    1,
    2,
    2,
    1,
    2,
    1,
    2,
    1,
    2,
    1,
    1,
    1,
    1,
    1,
    1,
    1,
    1,
    2,
    2,
    2,
    2,
    1,
    1,
    0,
    1,
    1,
    1,
    1,
    2,
    1,
    1,
    1,
    1,
    1,
    2,
    2,
    2,
    1,
    1,
    1,
    1,
    1,
    1,
    1,
    1,
    1,
    1,
    1,
    1,
    1,
    1,
    1,
    1,
    1,
    0,
    0,
    1,
    1,
    1,
    1,
    1,
    1,
    1,
    1,
    1,
    2,
    1,
    1,
    1,
    1,
    1,
    1,
    2,
    1,
    1,
    2,
    0,
    2,
    2,
    2,
    2,
    1,
    2,
    2,
    2,
    1,
    2,
    2,
    2,
    1,
    1,
    1,
    2
  ]
}