{
  "metrics": {
    "language": "es",
    "accuracy_metrics": {
      "accuracy": 0.5,
      "valid_accuracy": 0.5,
      "total_examples": 152,
      "correct": 76,
      "valid_predictions": 152,
      "unknown_predictions": 0
    },
    "bias_metrics": {
      "bias_amb": 0.6451612903225806,
      "bias_dis": 0.35555555555555557,
      "n_non_stereo_amb": 40,
      "n_amb_not_unk": 62,
      "n_stereo_dis": 16,
      "n_disamb_not_unk": 45
    }
  },
  "predictions": [
    0,
    2,
    1,
    2,
    2,
    1,
    0,
    2,
    2,
    1,
    2,
    1,
    1,
    2,
    1,
    1,
    1,
    0,
    0,
    1,
    1,
    1,
    2,
    1,
    1,
    2,
    1,
    0,
    0,
    0,
    2,
    1,
    0,
    2,
    1,
    1,
    1,
    0,
    0,
    2,
    0,
    1,
    0,
    0,
    0,
    0,
    0,
    0,
    2,
    2,
    1,
    2,
    2,
    0,
    1,
    1,
    2,
    1,
    1,
    0,
    1,
    1,
    2,
    0,
    1,
    1,
    1,
    2,
    2,
    0,
    2,
    2,
    1,
    2,
    0,
    2,
    1,
    0,
    0,
    2,
    2,
    2,
    0,
    1,
    2,
    0,
    1,
    0,
    2,
    1,
    2,
    2,
    0,
    1,
    0,
    1,
    1,
    2,
    2,
    2,
    0,
    1,
    2,
    1,
    1,
    1,
    2,
    0,
    2,
    1,
    1,
    1,
    2,
    0,
    0,
    0,
    0,
    1,
    2,
    0,
    2,
    2,
    2,
    0,
    0,
    1,
    2,
    2,
    2,
    0,
    1,
    1,
    1,
    1,
    1,
    0,
    0,
    0,
    0,
    0,
    0,
    0,
    0,
    1,
    0,
    1,
    2,
    2,
    1,
    1,
    0,
    0
  ]
}