{
  "metrics": {
    "language": "nl",
    "accuracy_metrics": {
      "accuracy": 0.5657894736842105,
      "valid_accuracy": 0.5657894736842105,
      "total_examples": 152,
      "correct": 86,
      "valid_predictions": 152,
      "unknown_predictions": 0
    },
    "bias_metrics": {
      "bias_amb": 0.6153846153846154,
      "bias_dis": 0.36,
      "n_non_stereo_amb": 32,
      "n_amb_not_unk": 52,
      "n_stereo_dis": 18,
      "n_disamb_not_unk": 50
    }
  },
  "predictions": [
    0,
    2,
    1,
    1,
    2,
    1,
    0,
    2,
    1,
    1,
    1,
    1,
    1,
    1,
    1,
    2,
    2,
    0,
    0,
    1,
    0,
    2,
    2,
    1,
    0,
    2,
    0,
    1,
    1,
    0,
    2,
    2,
    1,
    1,
    1,
    1,
    1,
    1,
    1,
    1,
    0,
    1,
    1,
    2,
    2,
    0,
    1,
    1,
    2,
    0,
    2,
    1,
    1,
    2,
    1,
    1,
    2,
    2,
    2,
    1,
    1,
    1,
    1,
    1,
    0,
    1,
    1,
    2,
    0,
    1,
    0,
    1,
    2,
    1,
    2,
    1,
    2,
    0,
    1,
    2,
    2,
    2,
    2,
    2,
    1,
    1,
    2,
    2,
    0,
    1,
    2,
    1,
    2,
    1,
    0,
    2,
    2,
    0,
    1,
    1,
    1,
    2,
    2,
    1,
    0,
    0,
    0,
    0,
    0,
    0,
    2,
    2,
    2,
    1,
    1,
    0,
    2,
    0,
    2,
    1,
    0,
    2,
    0,
    0,
    0,
    1,
    1,
    1,
    0,
    2,
    1,
    1,
    1,
    0,
    2,
    2,
    1,
    2,
    1,
    0,
    2,
    0,
    1,
    2,
    1,
    2,
    2,
    0,
    2,
    1,
    1,
    2
  ]
}