{
  "metrics": {
    "language": "es",
    "accuracy_metrics": {
      "accuracy": 0.47058823529411764,
      "valid_accuracy": 0.47058823529411764,
      "total_examples": 544,
      "correct": 256,
      "valid_predictions": 544,
      "unknown_predictions": 0
    },
    "bias_metrics": {
      "bias_amb": 0.7119565217391305,
      "bias_dis": 0.45,
      "n_non_stereo_amb": 131,
      "n_amb_not_unk": 184,
      "n_stereo_dis": 81,
      "n_disamb_not_unk": 180
    }
  },
  "predictions": [
    1,
    2,
    0,
    0,
    0,
    0,
    2,
    0,
    0,
    0,
    1,
    1,
    1,
    2,
    1,
    0,
    1,
    2,
    1,
    2,
    0,
    2,
    2,
    0,
    0,
    1,
    1,
    2,
    1,
    1,
    1,
    2,
    2,
    2,
    0,
    2,
    2,
    2,
    2,
    2,
    0,
    2,
    1,
    0,
    2,
    0,
    0,
    2,
    0,
    2,
    0,
    1,
    2,
    2,
    2,
    1,
    0,
    1,
    1,
    2,
    0,
    2,
    0,
    2,
    2,
    1,
    2,
    1,
    0,
    0,
    2,
    1,
    1,
    0,
    2,
    2,
    2,
    1,
    2,
    2,
    0,
    0,
    1,
    1,
    0,
    0,
    2,
    2,
    2,
    0,
    0,
    2,
    2,
    2,
    0,
    0,
    2,
    0,
    2,
    1,
    1,
    1,
    0,
    2,
    2,
    1,
    0,
    2,
    2,
    0,
    2,
    1,
    2,
    2,
    2,
    2,
    0,
    1,
    0,
    0,
    2,
    0,
    0,
    2,
    1,
    2,
    0,
    2,
    2,
    1,
    1,
    0,
    0,
    2,
    0,
    0,
    1,
    1,
    0,
    2,
    2,
    2,
    2,
    0,
    0,
    1,
    1,
    2,
    0,
    2,
    0,
    2,
    1,
    2,
    2,
    2,
    2,
    2,
    2,
    2,
    2,
    1,
    0,
    1,
    2,
    2,
    0,
    0,
    1,
    1,
    2,
    2,
    1,
    0,
    1,
    2,
    0,
    2,
    1,
    0,
    1,
    1,
    1,
    1,
    0,
    1,
    1,
    1,
    0,
    1,
    2,
    1,
    0,
    1,
    1,
    1,
    0,
    0,
    2,
    0,
    2,
    2,
    2,
    0,
    1,
    0,
    0,
    2,
    0,
    2,
    1,
    1,
    1,
    0,
    1,
    1,
    2,
    0,
    2,
    1,
    0,
    1,
    2,
    1,
    2,
    2,
    2,
    2,
    1,
    2,
    2,
    1,
    2,
    1,
    2,
    0,
    0,
    2,
    0,
    2,
    2,
    1,
    0,
    2,
    2,
    2,
    1,
    0,
    2,
    0,
    1,
    2,
    1,
    1,
    1,
    0,
    2,
    0,
    0,
    2,
    2,
    1,
    2,
    1,
    0,
    2,
    0,
    2,
    1,
    2,
    1,
    2,
    1,
    0,
    0,
    2,
    0,
    0,
    0,
    1,
    2,
    0,
    0,
    1,
    2,
    1,
    1,
    2,
    0,
    0,
    0,
    2,
    0,
    2,
    1,
    1,
    2,
    1,
    0,
    0,
    0,
    2,
    2,
    0,
    0,
    1,
    2,
    0,
    2,
    2,
    0,
    0,
    0,
    0,
    0,
    0,
    0,
    2,
    0,
    1,
    0,
    2,
    1,
    2,
    2,
    0,
    2,
    2,
    0,
    1,
    2,
    1,
    1,
    2,
    0,
    1,
    2,
    1,
    1,
    0,
    1,
    0,
    2,
    1,
    2,
    2,
    1,
    2,
    2,
    1,
    1,
    1,
    2,
    1,
    0,
    0,
    1,
    1,
    1,
    1,
    0,
    2,
    0,
    0,
    0,
    1,
    2,
    2,
    0,
    1,
    2,
    2,
    1,
    0,
    0,
    1,
    2,
    2,
    0,
    2,
    2,
    2,
    2,
    2,
    1,
    1,
    0,
    2,
    1,
    1,
    2,
    0,
    0,
    2,
    1,
    1,
    0,
    1,
    2,
    1,
    2,
    0,
    0,
    2,
    2,
    0,
    0,
    2,
    0,
    0,
    2,
    1,
    0,
    0,
    0,
    2,
    0,
    1,
    0,
    2,
    0,
    1,
    2,
    2,
    2,
    2,
    2,
    0,
    2,
    1,
    2,
    0,
    0,
    2,
    2,
    2,
    1,
    0,
    2,
    0,
    1,
    0,
    0,
    1,
    0,
    0,
    0,
    0,
    0,
    2,
    0,
    0,
    1,
    2,
    1,
    2,
    0,
    2,
    1,
    0,
    0,
    1,
    1,
    2,
    0,
    0,
    0,
    1,
    1,
    0,
    1,
    2,
    2,
    2,
    2,
    0,
    0,
    2,
    1,
    1,
    0,
    1,
    1,
    1,
    0,
    1,
    0,
    2,
    0,
    2,
    1,
    2,
    0,
    2,
    2,
    2,
    1,
    0,
    0,
    1,
    1,
    2,
    0,
    1,
    2,
    2,
    2,
    2,
    0,
    1,
    1,
    1,
    1,
    1,
    1,
    1,
    0,
    2,
    0,
    1,
    1,
    2,
    2,
    0,
    0,
    1,
    1,
    0,
    2,
    1,
    0,
    0,
    2,
    2,
    2,
    0,
    1,
    1,
    1,
    1,
    2,
    0,
    0,
    0
  ]
}