{
  "metrics": {
    "language": "en",
    "accuracy_metrics": {
      "accuracy": 0.6964285714285714,
      "valid_accuracy": 0.6982097186700768,
      "total_examples": 1176,
      "correct": 819,
      "valid_predictions": 1173,
      "unknown_predictions": 3
    },
    "bias_metrics": {
      "bias_amb": 0.6207865168539326,
      "bias_dis": 0.3878048780487805,
      "n_non_stereo_amb": 221,
      "n_amb_not_unk": 356,
      "n_stereo_dis": 159,
      "n_disamb_not_unk": 410
    }
  },
  "predictions": [
    0,
    2,
    1,
    1,
    2,
    2,
    0,
    1,
    2,
    1,
    0,
    2,
    2,
    1,
    1,
    0,
    2,
    1,
    1,
    2,
    2,
    2,
    1,
    0,
    1,
    2,
    0,
    1,
    1,
    0,
    2,
    2,
    2,
    0,
    0,
    0,
    1,
    0,
    0,
    2,
    2,
    1,
    2,
    2,
    2,
    1,
    1,
    1,
    1,
    2,
    1,
    2,
    2,
    0,
    1,
    1,
    2,
    2,
    1,
    1,
    2,
    1,
    1,
    1,
    0,
    2,
    1,
    2,
    2,
    1,
    1,
    0,
    1,
    0,
    1,
    2,
    1,
    0,
    0,
    1,
    0,
    0,
    0,
    1,
    0,
    1,
    0,
    2,
    0,
    0,
    1,
    2,
    2,
    1,
    2,
    0,
    2,
    0,
    2,
    1,
    2,
    0,
    2,
    1,
    1,
    0,
    1,
    2,
    0,
    2,
    0,
    1,
    2,
    0,
    2,
    1,
    1,
    2,
    1,
    0,
    1,
    2,
    0,
    1,
    2,
    1,
    2,
    0,
    0,
    0,
    2,
    1,
    1,
    0,
    1,
    2,
    1,
    2,
    1,
    0,
    1,
    2,
    0,
    1,
    1,
    2,
    1,
    1,
    1,
    1,
    1,
    1,
    0,
    2,
    0,
    0,
    2,
    1,
    2,
    2,
    1,
    2,
    1,
    1,
    1,
    2,
    1,
    1,
    1,
    0,
    1,
    1,
    1,
    2,
    1,
    1,
    0,
    1,
    1,
    0,
    0,
    2,
    0,
    0,
    1,
    0,
    1,
    1,
    1,
    0,
    1,
    1,
    2,
    1,
    2,
    2,
    0,
    1,
    1,
    1,
    1,
    2,
    1,
    1,
    2,
    1,
    2,
    0,
    1,
    0,
    1,
    2,
    1,
    1,
    1,
    1,
    1,
    2,
    1,
    1,
    0,
    1,
    0,
    0,
    1,
    1,
    0,
    0,
    1,
    0,
    1,
    2,
    1,
    0,
    2,
    1,
    2,
    1,
    2,
    0,
    1,
    1,
    2,
    1,
    0,
    2,
    0,
    0,
    1,
    2,
    0,
    1,
    1,
    0,
    1,
    2,
    0,
    2,
    0,
    0,
    2,
    0,
    0,
    2,
    0,
    1,
    2,
    0,
    2,
    0,
    2,
    1,
    1,
    1,
    0,
    2,
    0,
    1,
    0,
    2,
    0,
    0,
    1,
    1,
    1,
    2,
    1,
    1,
    0,
    1,
    0,
    2,
    1,
    2,
    1,
    0,
    2,
    0,
    2,
    1,
    0,
    1,
    0,
    2,
    1,
    0,
    1,
    2,
    0,
    1,
    0,
    2,
    1,
    2,
    1,
    0,
    0,
    0,
    2,
    1,
    0,
    1,
    0,
    2,
    1,
    0,
    1,
    2,
    2,
    2,
    1,
    0,
    1,
    2,
    1,
    0,
    0,
    1,
    2,
    0,
    2,
    0,
    1,
    2,
    1,
    2,
    1,
    0,
    2,
    0,
    2,
    1,
    0,
    0,
    0,
    2,
    1,
    2,
    1,
    0,
    2,
    0,
    0,
    1,
    1,
    2,
    1,
    0,
    1,
    0,
    0,
    2,
    1,
    1,
    1,
    2,
    0,
    2,
    0,
    0,
    0,
    2,
    0,
    1,
    1,
    2,
    1,
    0,
    0,
    2,
    2,
    1,
    0,
    1,
    2,
    0,
    0,
    0,
    1,
    0,
    0,
    2,
    0,
    1,
    0,
    0,
    2,
    1,
    2,
    0,
    2,
    1,
    1,
    2,
    1,
    1,
    1,
    0,
    1,
    2,
    2,
    0,
    2,
    1,
    1,
    2,
    1,
    0,
    0,
    2,
    0,
    1,
    0,
    1,
    0,
    1,
    0,
    2,
    0,
    1,
    2,
    1,
    0,
    2,
    0,
    2,
    1,
    0,
    2,
    1,
    2,
    0,
    1,
    1,
    2,
    1,
    1,
    0,
    1,
    0,
    2,
    2,
    1,
    0,
    1,
    0,
    1,
    2,
    1,
    1,
    0,
    2,
    2,
    1,
    2,
    0,
    1,
    2,
    1,
    0,
    1,
    0,
    2,
    1,
    1,
    2,
    1,
    0,
    0,
    2,
    2,
    1,
    1,
    2,
    1,
    1,
    0,
    2,
    0,
    0,
    0,
    1,
    1,
    1,
    2,
    0,
    2,
    1,
    2,
    1,
    2,
    0,
    1,
    1,
    1,
    0,
    0,
    1,
    2,
    0,
    1,
    2,
    1,
    0,
    1,
    0,
    2,
    1,
    1,
    2,
    0,
    1,
    1,
    0,
    2,
    1,
    0,
    2,
    0,
    1,
    2,
    1,
    2,
    0,
    2,
    1,
    0,
    2,
    2,
    0,
    2,
    1,
    0,
    2,
    0,
    1,
    1,
    0,
    2,
    0,
    0,
    1,
    1,
    2,
    2,
    0,
    1,
    1,
    1,
    1,
    2,
    2,
    2,
    2,
    1,
    1,
    1,
    1,
    0,
    0,
    0,
    2,
    2,
    1,
    0,
    1,
    0,
    0,
    0,
    0,
    1,
    1,
    1,
    2,
    2,
    0,
    2,
    0,
    2,
    1,
    2,
    0,
    1,
    2,
    0,
    1,
    1,
    2,
    0,
    1,
    1,
    2,
    0,
    1,
    0,
    2,
    2,
    1,
    0,
    0,
    1,
    0,
    1,
    2,
    2,
    0,
    2,
    1,
    2,
    0,
    2,
    1,
    2,
    1,
    2,
    0,
    1,
    2,
    1,
    1,
    2,
    0,
    0,
    1,
    1,
    2,
    0,
    1,
    1,
    0,
    1,
    2,
    0,
    0,
    2,
    1,
    0,
    2,
    0,
    1,
    1,
    1,
    1,
    0,
    0,
    1,
    0,
    2,
    2,
    0,
    2,
    1,
    1,
    0,
    2,
    2,
    0,
    1,
    1,
    2,
    1,
    2,
    1,
    1,
    1,
    1,
    1,
    0,
    1,
    1,
    1,
    1,
    1,
    2,
    1,
    1,
    2,
    1,
    2,
    2,
    0,
    1,
    1,
    0,
    1,
    2,
    1,
    0,
    1,
    2,
    1,
    0,
    1,
    1,
    1,
    0,
    1,
    2,
    2,
    1,
    1,
    0,
    0,
    1,
    2,
    0,
    1,
    1,
    1,
    1,
    1,
    2,
    2,
    2,
    2,
    0,
    1,
    2,
    1,
    0,
    2,
    1,
    2,
    0,
    2,
    0,
    2,
    1,
    0,
    0,
    0,
    0,
    1,
    -1,
    1,
    2,
    1,
    1,
    1,
    2,
    1,
    2,
    2,
    0,
    2,
    0,
    2,
    2,
    1,
    0,
    1,
    1,
    0,
    1,
    2,
    0,
    1,
    2,
    1,
    1,
    1,
    0,
    2,
    1,
    0,
    2,
    1,
    0,
    0,
    2,
    2,
    1,
    2,
    1,
    0,
    2,
    1,
    2,
    1,
    1,
    1,
    1,
    1,
    2,
    0,
    2,
    1,
    1,
    1,
    1,
    0,
    1,
    0,
    1,
    0,
    0,
    1,
    2,
    2,
    1,
    2,
    -1,
    1,
    1,
    -1,
    2,
    1,
    0,
    1,
    1,
    1,
    2,
    1,
    0,
    2,
    1,
    1,
    1,
    1,
    2,
    1,
    1,
    0,
    1,
    0,
    2,
    0,
    0,
    1,
    1,
    0,
    2,
    1,
    0,
    2,
    1,
    0,
    1,
    0,
    2,
    1,
    1,
    1,
    1,
    2,
    1,
    0,
    2,
    2,
    1,
    2,
    2,
    2,
    2,
    2,
    1,
    1,
    2,
    0,
    1,
    2,
    2,
    0,
    0,
    1,
    1,
    0,
    1,
    0,
    1,
    2,
    1,
    1,
    0,
    1,
    1,
    1,
    2,
    1,
    1,
    0,
    1,
    1,
    2,
    0,
    0,
    2,
    1,
    1,
    1,
    0,
    1,
    1,
    1,
    0,
    2,
    1,
    1,
    2,
    0,
    0,
    2,
    2,
    1,
    1,
    2,
    1,
    0,
    1,
    1,
    2,
    2,
    1,
    1,
    2,
    1,
    1,
    0,
    1,
    2,
    1,
    2,
    1,
    0,
    1,
    0,
    1,
    2,
    0,
    1,
    0,
    2,
    1,
    0,
    1,
    1,
    2,
    0,
    2,
    1,
    1,
    1,
    1,
    0,
    2,
    0,
    0,
    1,
    1,
    1,
    2,
    0,
    0,
    0,
    0,
    2,
    0,
    0,
    1,
    0,
    1,
    0,
    1,
    2,
    0,
    1,
    1,
    0,
    2,
    2,
    1,
    1,
    1,
    1,
    1,
    0,
    1,
    0,
    2,
    0,
    1,
    0,
    2,
    0,
    0,
    1,
    0,
    2,
    1,
    0,
    1,
    0,
    1,
    1,
    1,
    2,
    1,
    1,
    1,
    0,
    1,
    1,
    2,
    0,
    2,
    2,
    2,
    0,
    2,
    1,
    1,
    0,
    1,
    2,
    1,
    0,
    0,
    1,
    1,
    2,
    0,
    1,
    0,
    2,
    1,
    2,
    1,
    0,
    1,
    0,
    1,
    1,
    2,
    2,
    0,
    0,
    0,
    1,
    0,
    0,
    0,
    2,
    2,
    1,
    0,
    0,
    2,
    1,
    2,
