{
  "metrics": {
    "language": "es",
    "accuracy_metrics": {
      "accuracy": 0.5723684210526315,
      "valid_accuracy": 0.5723684210526315,
      "total_examples": 152,
      "correct": 87,
      "valid_predictions": 152,
      "unknown_predictions": 0
    },
    "bias_metrics": {
      "bias_amb": 0.5892857142857143,
      "bias_dis": 0.5,
      "n_non_stereo_amb": 33,
      "n_amb_not_unk": 56,
      "n_stereo_dis": 24,
      "n_disamb_not_unk": 48
    }
  },
  "predictions": [
    1,
    2,
    2,
    1,
    0,
    1,
    0,
    2,
    0,
    2,
    1,
    1,
    2,
    2,
    1,
    1,
    0,
    2,
    2,
    2,
    2,
    0,
    2,
    0,
    0,
    1,
    2,
    1,
    2,
    2,
    1,
    2,
    1,
    2,
    1,
    1,
    1,
    1,
    0,
    2,
    0,
    0,
    0,
    0,
    2,
    1,
    1,
    0,
    1,
    2,
    2,
    2,
    1,
    2,
    1,
    2,
    2,
    1,
    0,
    1,
    2,
    0,
    0,
    1,
    1,
    1,
    1,
    1,
    2,
    0,
    0,
    0,
    1,
    2,
    1,
    1,
    2,
    2,
    2,
    0,
    1,
    1,
    1,
    2,
    2,
    0,
    2,
    1,
    1,
    1,
    1,
    0,
    1,
    2,
    1,
    1,
    1,
    0,
    1,
    1,
    0,
    1,
    1,
    1,
    2,
    0,
    2,
    1,
    2,
    1,
    2,
    2,
    0,
    1,
    0,
    2,
    2,
    0,
    0,
    1,
    2,
    2,
    2,
    2,
    0,
    0,
    2,
    1,
    1,
    2,
    2,
    2,
    2,
    0,
    2,
    1,
    2,
    1,
    1,
    1,
    2,
    1,
    0,
    0,
    2,
    0,
    0,
    2,
    1,
    2,
    1,
    2
  ]
}