{
  "metrics": {
    "language": "tr",
    "accuracy_metrics": {
      "accuracy": 0.4473684210526316,
      "valid_accuracy": 0.4473684210526316,
      "total_examples": 152,
      "correct": 68,
      "valid_predictions": 152,
      "unknown_predictions": 0
    },
    "bias_metrics": {
      "bias_amb": 0.7413793103448276,
      "bias_dis": 0.2978723404255319,
      "n_non_stereo_amb": 43,
      "n_amb_not_unk": 58,
      "n_stereo_dis": 14,
      "n_disamb_not_unk": 47
    }
  },
  "predictions": [
    0,
    1,
    1,
    1,
    0,
    0,
    0,
    0,
    2,
    0,
    2,
    0,
    0,
    2,
    1,
    1,
    1,
    0,
    0,
    1,
    0,
    0,
    2,
    2,
    1,
    2,
    0,
    1,
    1,
    0,
    2,
    0,
    0,
    0,
    0,
    0,
    1,
    1,
    1,
    1,
    0,
    1,
    0,
    1,
    2,
    2,
    0,
    2,
    2,
    2,
    0,
    2,
    2,
    0,
    2,
    1,
    0,
    2,
    0,
    1,
    0,
    1,
    1,
    1,
    2,
    0,
    0,
    1,
    2,
    2,
    2,
    2,
    1,
    1,
    2,
    1,
    0,
    2,
    1,
    2,
    1,
    2,
    2,
    2,
    0,
    1,
    1,
    0,
    0,
    1,
    0,
    0,
    2,
    0,
    1,
    0,
    2,
    0,
    1,
    2,
    0,
    0,
    2,
    1,
    0,
    1,
    2,
    0,
    2,
    2,
    2,
    0,
    2,
    0,
    0,
    1,
    1,
    0,
    2,
    2,
    0,
    1,
    2,
    0,
    2,
    1,
    0,
    0,
    0,
    0,
    1,
    2,
    0,
    0,
    2,
    2,
    1,
    0,
    1,
    1,
    0,
    1,
    1,
    2,
    0,
    1,
    1,
    1,
    2,
    0,
    2,
    2
  ]
}