{
  "metrics": {
    "language": "nl",
    "accuracy_metrics": {
      "accuracy": 0.48026315789473684,
      "valid_accuracy": 0.4866666666666667,
      "total_examples": 152,
      "correct": 73,
      "valid_predictions": 150,
      "unknown_predictions": 2
    },
    "bias_metrics": {
      "bias_amb": 0.5961538461538461,
      "bias_dis": 0.42,
      "n_non_stereo_amb": 31,
      "n_amb_not_unk": 52,
      "n_stereo_dis": 21,
      "n_disamb_not_unk": 50
    }
  },
  "predictions": [
    0,
    2,
    2,
    0,
    0,
    2,
    1,
    1,
    2,
    1,
    2,
    1,
    1,
    0,
    0,
    0,
    0,
    0,
    2,
    0,
    0,
    2,
    0,
    1,
    2,
    2,
    2,
    2,
    0,
    2,
    0,
    0,
    0,
    0,
    1,
    0,
    0,
    2,
    0,
    1,
    2,
    2,
    2,
    0,
    2,
    0,
    1,
    2,
    1,
    1,
    0,
    0,
    2,
    1,
    1,
    1,
    1,
    1,
    1,
    0,
    -1,
    0,
    2,
    0,
    0,
    2,
    0,
    1,
    0,
    1,
    0,
    2,
    2,
    1,
    0,
    1,
    2,
    0,
    0,
    1,
    2,
    2,
    2,
    0,
    0,
    1,
    1,
    2,
    1,
    1,
    2,
    1,
    2,
    1,
    2,
    2,
    2,
    0,
    2,
    1,
    2,
    0,
    -1,
    1,
    2,
    2,
    0,
    0,
    2,
    2,
    0,
    1,
    2,
    1,
    2,
    1,
    2,
    0,
    0,
    1,
    2,
    2,
    1,
    0,
    1,
    1,
    2,
    1,
    0,
    2,
    1,
    1,
    2,
    2,
    2,
    2,
    2,
    2,
    2,
    0,
    2,
    2,
    0,
    2,
    2,
    2,
    1,
    1,
    1,
    1,
    1,
    2
  ]
}