{
  "metrics": {
    "language": "nl",
    "accuracy_metrics": {
      "accuracy": 0.5416666666666666,
      "valid_accuracy": 0.5416666666666666,
      "total_examples": 528,
      "correct": 286,
      "valid_predictions": 528,
      "unknown_predictions": 0
    },
    "bias_metrics": {
      "bias_amb": 0.625,
      "bias_dis": 0.39893617021276595,
      "n_non_stereo_amb": 95,
      "n_amb_not_unk": 152,
      "n_stereo_dis": 75,
      "n_disamb_not_unk": 188
    }
  },
  "predictions": [
    0,
    1,
    2,
    0,
    0,
    1,
    0,
    2,
    2,
    1,
    0,
    0,
    0,
    1,
    1,
    1,
    1,
    1,
    0,
    1,
    2,
    0,
    0,
    2,
    0,
    1,
    0,
    0,
    1,
    0,
    1,
    1,
    1,
    2,
    1,
    1,
    1,
    2,
    1,
    0,
    1,
    2,
    0,
    1,
    1,
    2,
    1,
    0,
    0,
    0,
    1,
    2,
    1,
    0,
    1,
    2,
    1,
    2,
    2,
    1,
    1,
    1,
    1,
    0,
    1,
    0,
    0,
    2,
    1,
    2,
    1,
    0,
    1,
    0,
    0,
    2,
    0,
    1,
    1,
    2,
    1,
    1,
    2,
    0,
    0,
    1,
    2,
    0,
    1,
    1,
    2,
    2,
    1,
    0,
    1,
    2,
    1,
    1,
    1,
    2,
    2,
    1,
    1,
    0,
    2,
    0,
    1,
    1,
    2,
    1,
    2,
    2,
    2,
    2,
    1,
    1,
    2,
    1,
    2,
    0,
    2,
    0,
    2,
    1,
    2,
    2,
    2,
    1,
    1,
    2,
    1,
    2,
    2,
    0,
    2,
    2,
    1,
    1,
    2,
    2,
    0,
    0,
    1,
    1,
    2,
    1,
    1,
    2,
    2,
    2,
    1,
    1,
    1,
    0,
    1,
    2,
    1,
    0,
    1,
    2,
    1,
    0,
    1,
    1,
    0,
    2,
    1,
    0,
    2,
    2,
    2,
    1,
    1,
    2,
    2,
    0,
    2,
    2,
    2,
    1,
    2,
    0,
    2,
    2,
    0,
    0,
    1,
    0,
    0,
    2,
    0,
    0,
    1,
    0,
    2,
    2,
    1,
    0,
    0,
    2,
    2,
    2,
    2,
    0,
    0,
    2,
    2,
    1,
    1,
    0,
    2,
    0,
    0,
    2,
    0,
    2,
    2,
    2,
    1,
    2,
    2,
    1,
    0,
    1,
    0,
    2,
    1,
    0,
    1,
    1,
    1,
    1,
    1,
    1,
    0,
    0,
    2,
    1,
    1,
    2,
    1,
    1,
    1,
    2,
    1,
    2,
    1,
    2,
    1,
    1,
    2,
    1,
    2,
    1,
    2,
    2,
    2,
    1,
    2,
    1,
    0,
    0,
    0,
    1,
    0,
    0,
    1,
    1,
    1,
    2,
    1,
    0,
    1,
    2,
    1,
    1,
    1,
    1,
    0,
    0,
    1,
    2,
    1,
    1,
    2,
    2,
    1,
    2,
    0,
    1,
    2,
    2,
    0,
    2,
    2,
    2,
    2,
    2,
    0,
    1,
    1,
    2,
    2,
    0,
    1,
    1,
    2,
    0,
    0,
    2,
    1,
    0,
    2,
    1,
    1,
    2,
    2,
    2,
    0,
    2,
    1,
    2,
    2,
    0,
    2,
    0,
    2,
    1,
    2,
    0,
    0,
    0,
    2,
    1,
    2,
    1,
    2,
    2,
    2,
    2,
    1,
    1,
    1,
    1,
    0,
    2,
    1,
    2,
    0,
    0,
    0,
    1,
    2,
    2,
    2,
    1,
    1,
    1,
    1,
    2,
    1,
    1,
    1,
    2,
    1,
    2,
    1,
    1,
    2,
    2,
    1,
    0,
    1,
    2,
    1,
    0,
    2,
    1,
    2,
    2,
    2,
    2,
    0,
    0,
    2,
    1,
    1,
    1,
    1,
    0,
    1,
    1,
    1,
    0,
    2,
    1,
    0,
    1,
    1,
    2,
    2,
    1,
    1,
    1,
    1,
    2,
    0,
    1,
    2,
    1,
    1,
    1,
    1,
    0,
    2,
    1,
    1,
    1,
    0,
    0,
    2,
    0,
    1,
    2,
    1,
    0,
    0,
    0,
    1,
    1,
    1,
    1,
    1,
    2,
    2,
    0,
    1,
    2,
    1,
    1,
    1,
    0,
    1,
    0,
    1,
    2,
    2,
    2,
    1,
    0,
    1,
    2,
    0,
    1,
    1,
    1,
    2,
    1,
    1,
    0,
    2,
    1,
    2,
    0,
    1,
    2,
    1,
    0,
    0,
    2,
    1,
    0,
    1,
    1,
    0,
    2,
    1,
    1,
    0,
    0,
    2,
    0,
    0,
    0,
    0,
    1,
    1,
    0,
    2,
    1,
    2,
    2,
    1,
    0,
    1,
    1,
    0,
    1,
    2,
    0,
    2,
    2,
    1,
    0,
    1,
    0,
    2,
    0,
    0,
    2,
    2,
    1,
    2,
    1,
    1,
    0,
    0,
    2,
    2,
    0,
    2,
    1,
    0,
    0,
    0,
    2,
    0,
    0
  ]
}