{
  "metrics": {
    "language": "en",
    "accuracy_metrics": {
      "accuracy": 0.5197368421052632,
      "valid_accuracy": 0.5197368421052632,
      "total_examples": 152,
      "correct": 79,
      "valid_predictions": 152,
      "unknown_predictions": 0
    },
    "bias_metrics": {
      "bias_amb": 0.6935483870967742,
      "bias_dis": 0.3111111111111111,
      "n_non_stereo_amb": 43,
      "n_amb_not_unk": 62,
      "n_stereo_dis": 14,
      "n_disamb_not_unk": 45
    }
  },
  "predictions": [
    1,
    1,
    1,
    1,
    0,
    0,
    0,
    1,
    1,
    1,
    0,
    1,
    0,
    0,
    0,
    2,
    0,
    2,
    0,
    1,
    2,
    2,
    2,
    1,
    1,
    2,
    0,
    1,
    0,
    0,
    0,
    2,
    0,
    1,
    0,
    1,
    0,
    1,
    0,
    1,
    2,
    1,
    2,
    2,
    1,
    1,
    0,
    0,
    1,
    2,
    0,
    2,
    2,
    0,
    2,
    0,
    0,
    1,
    2,
    0,
    2,
    0,
    0,
    0,
    2,
    1,
    0,
    2,
    0,
    0,
    2,
    0,
    0,
    2,
    1,
    0,
    0,
    0,
    1,
    0,
    0,
    1,
    0,
    0,
    0,
    1,
    1,
    0,
    0,
    1,
    1,
    1,
    2,
    2,
    0,
    1,
    2,
    1,
    1,
    2,
    1,
    0,
    1,
    1,
    0,
    0,
    2,
    2,
    0,
    1,
    1,
    0,
    1,
    0,
    2,
    2,
    2,
    1,
    2,
    0,
    2,
    1,
    2,
    0,
    2,
    1,
    0,
    0,
    2,
    1,
    0,
    0,
    0,
    2,
    0,
    1,
    0,
    2,
    1,
    0,
    2,
    0,
    1,
    0,
    0,
    1,
    1,
    2,
    0,
    1,
    0,
    0
  ]
}