{
  "metrics": {
    "language": "es",
    "accuracy_metrics": {
      "accuracy": 0.49459876543209874,
      "valid_accuracy": 0.49498069498069497,
      "total_examples": 1296,
      "correct": 641,
      "valid_predictions": 1295,
      "unknown_predictions": 1
    },
    "bias_metrics": {
      "bias_amb": 0.6004566210045662,
      "bias_dis": 0.4219114219114219,
      "n_non_stereo_amb": 263,
      "n_amb_not_unk": 438,
      "n_stereo_dis": 181,
      "n_disamb_not_unk": 429
    }
  },
  "predictions": [
    1,
    2,
    1,
    1,
    0,
    1,
    2,
    0,
    0,
    1,
    0,
    1,
    0,
    2,
    0,
    0,
    0,
    1,
    2,
    0,
    0,
    2,
    2,
    0,
    0,
    0,
    1,
    1,
    1,
    0,
    2,
    1,
    2,
    2,
    2,
    1,
    1,
    2,
    1,
    1,
    1,
    0,
    2,
    1,
    0,
    0,
    1,
    0,
    2,
    0,
    2,
    2,
    1,
    0,
    2,
    0,
    0,
    2,
    2,
    1,
    2,
    2,
    1,
    1,
    1,
    1,
    2,
    1,
    2,
    1,
    1,
    2,
    0,
    1,
    1,
    2,
    0,
    1,
    2,
    1,
    2,
    2,
    2,
    0,
    1,
    2,
    0,
    1,
    1,
    1,
    1,
    1,
    2,
    0,
    0,
    2,
    0,
    0,
    0,
    1,
    2,
    0,
    1,
    2,
    1,
    1,
    2,
    2,
    2,
    2,
    0,
    1,
    0,
    0,
    2,
    0,
    2,
    0,
    0,
    0,
    2,
    0,
    2,
    2,
    0,
    0,
    0,
    1,
    1,
    0,
    1,
    2,
    1,
    1,
    1,
    0,
    0,
    1,
    0,
    0,
    1,
    2,
    0,
    0,
    0,
    2,
    1,
    0,
    2,
    2,
    2,
    2,
    2,
    0,
    2,
    1,
    0,
    2,
    0,
    1,
    2,
    0,
    2,
    1,
    0,
    0,
    2,
    2,
    2,
    2,
    2,
    1,
    0,
    2,
    0,
    0,
    0,
    2,
    2,
    2,
    0,
    0,
    1,
    1,
    2,
    2,
    0,
    1,
    1,
    2,
    0,
    2,
    1,
    2,
    2,
    0,
    2,
    0,
    2,
    0,
    2,
    1,
    2,
    0,
    2,
    2,
    0,
    0,
    2,
    1,
    1,
    2,
    2,
    2,
    1,
    2,
    1,
    1,
    2,
    0,
    1,
    2,
    2,
    0,
    2,
    0,
    1,
    2,
    1,
    1,
    2,
    2,
    2,
    0,
    0,
    0,
    0,
    0,
    2,
    1,
    2,
    2,
    0,
    0,
    2,
    2,
    1,
    1,
    0,
    1,
    1,
    1,
    1,
    1,
    0,
    2,
    0,
    0,
    1,
    2,
    1,
    0,
    2,
    0,
    0,
    0,
    0,
    1,
    1,
    2,
    1,
    1,
    2,
    2,
    2,
    2,
    2,
    2,
    0,
    0,
    0,
    0,
    2,
    1,
    0,
    2,
    2,
    1,
    2,
    2,
    2,
    1,
    2,
    2,
    0,
    2,
    0,
    1,
    2,
    2,
    2,
    1,
    2,
    2,
    2,
    1,
    1,
    0,
    0,
    1,
    0,
    2,
    2,
    1,
    0,
    2,
    2,
    2,
    0,
    0,
    2,
    0,
    2,
    0,
    1,
    0,
    0,
    1,
    2,
    2,
    2,
    0,
    1,
    2,
    2,
    0,
    1,
    0,
    2,
    0,
    0,
    2,
    2,
    1,
    0,
    2,
    1,
    2,
    2,
    1,
    0,
    0,
    0,
    1,
    0,
    2,
    2,
    1,
    1,
    1,
    2,
    1,
    0,
    1,
    2,
    1,
    2,
    2,
    2,
    1,
    2,
    1,
    1,
    2,
    2,
    0,
    1,
    2,
    0,
    0,
    2,
    2,
    0,
    2,
    0,
    1,
    2,
    2,
    2,
    2,
    0,
    0,
    2,
    0,
    0,
    2,
    1,
    2,
    0,
    1,
    2,
    2,
    0,
    2,
    2,
    2,
    0,
    1,
    0,
    2,
    0,
    0,
    0,
    0,
    0,
    1,
    1,
    1,
    1,
    2,
    1,
    1,
    1,
    2,
    0,
    0,
    2,
    1,
    1,
    0,
    2,
    1,
    2,
    1,
    2,
    0,
    0,
    1,
    2,
    0,
    1,
    2,
    1,
    1,
    2,
    0,
    0,
    0,
    2,
    1,
    0,
    2,
    2,
    0,
    2,
    2,
    0,
    0,
    0,
    1,
    0,
    0,
    2,
    2,
    0,
    2,
    2,
    2,
    2,
    2,
    2,
    2,
    0,
    0,
    1,
    2,
    2,
    0,
    2,
    2,
    1,
    0,
    0,
    0,
    1,
    1,
    0,
    1,
    0,
    0,
    1,
    1,
    0,
    0,
    1,
    0,
    0,
    1,
    2,
    1,
    1,
    1,
    2,
    1,
    2,
    2,
    0,
    1,
    2,
    2,
    0,
    0,
    2,
    2,
    2,
    2,
    2,
    0,
    0,
    1,
    1,
    1,
    1,
    1,
    1,
    1,
    2,
    1,
    0,
    2,
    2,
    1,
    2,
    2,
    0,
    0,
    1,
    1,
    2,
    0,
    2,
    1,
    1,
    2,
    0,
    1,
    2,
    0,
    2,
    2,
    0,
    1,
    1,
    0,
    2,
    1,
    1,
    0,
    0,
    2,
    2,
    1,
    0,
    2,
    2,
    0,
    2,
    2,
    2,
    0,
    2,
    1,
    2,
    1,
    1,
    2,
    1,
    1,
    0,
    0,
    0,
    0,
    1,
    1,
    2,
    0,
    0,
    2,
    0,
    2,
    1,
    0,
    0,
    0,
    2,
    0,
    0,
    0,
    2,
    2,
    2,
    2,
    2,
    0,
    2,
    0,
    0,
    1,
    0,
    1,
    2,
    2,
    2,
    0,
    1,
    2,
    2,
    1,
    2,
    2,
    0,
    2,
    0,
    0,
    1,
    2,
    2,
    1,
    0,
    1,
    1,
    1,
    2,
    0,
    1,
    2,
    1,
    1,
    0,
    2,
    0,
    2,
    2,
    1,
    2,
    0,
    2,
    2,
    2,
    1,
    2,
    1,
    2,
    1,
    0,
    2,
    1,
    0,
    2,
    2,
    2,
    2,
    0,
    1,
    0,
    2,
    1,
    0,
    0,
    0,
    2,
    2,
    1,
    2,
    1,
    2,
    2,
    2,
    2,
    1,
    1,
    2,
    2,
    0,
    2,
    0,
    2,
    0,
    0,
    1,
    0,
    0,
    1,
    1,
    2,
    0,
    1,
    1,
    2,
    1,
    2,
    1,
    0,
    1,
    0,
    2,
    2,
    1,
    2,
    2,
    0,
    2,
    1,
    2,
    0,
    1,
    2,
    1,
    0,
    1,
    2,
    1,
    0,
    0,
    0,
    0,
    2,
    0,
    2,
    0,
    2,
    1,
    0,
    2,
    1,
    0,
    2,
    0,
    2,
    1,
    1,
    1,
    0,
    1,
    2,
    2,
    1,
    2,
    2,
    0,
    1,
    2,
    0,
    1,
    1,
    1,
    2,
    0,
    1,
    2,
    0,
    0,
    2,
    2,
    2,
    1,
    2,
    0,
    1,
    0,
    1,
    2,
    2,
    2,
    2,
    0,
    2,
    1,
    0,
    1,
    2,
    2,
    2,
    2,
    1,
    1,
    2,
    2,
    1,
    1,
    2,
    2,
    1,
    1,
    0,
    2,
    0,
    0,
    0,
    0,
    0,
    1,
    2,
    1,
    0,
    2,
    2,
    2,
    2,
    2,
    0,
    2,
    2,
    0,
    0,
    2,
    2,
    1,
    2,
    0,
    0,
    1,
    1,
    0,
    1,
    0,
    0,
    1,
    0,
    1,
    2,
    2,
    2,
    2,
    0,
    0,
    2,
    2,
    2,
    1,
    2,
    1,
    1,
    0,
    1,
    1,
    0,
    2,
    0,
    0,
    1,
    2,
    1,
    0,
    1,
    0,
    1,
    0,
    2,
    2,
    0,
    2,
    2,
    0,
    0,
    1,
    2,
    0,
    2,
    1,
    0,
    0,
    0,
    2,
    2,
    0,
    0,
    0,
    2,
    0,
    2,
    2,
    0,
    2,
    2,
    0,
    2,
    0,
    2,
    1,
    2,
    0,
    2,
    1,
    1,
    2,
    1,
    2,
    0,
    0,
    1,
    2,
    1,
    0,
    1,
    0,
    1,
    1,
    1,
    0,
    2,
    2,
    0,
    1,
    0,
    0,
    2,
    0,
    2,
    1,
    2,
    2,
    1,
    1,
    1,
    1,
    2,
    2,
    1,
    2,
    2,
    1,
    2,
    0,
    0,
    0,
    2,
    2,
    2,
    2,
    0,
    0,
    2,
    1,
    1,
    2,
    0,
    2,
    1,
    0,
    1,
    2,
    1,
    2,
    1,
    0,
    1,
    0,
    2,
    0,
    2,
    2,
    1,
    0,
    0,
    1,
    0,
    1,
    1,
    2,
    2,
    1,
    0,
    2,
    1,
    0,
    0,
    1,
    1,
    0,
    2,
    1,
    2,
    2,
    0,
    0,
    0,
    1,
    2,
    0,
    1,
    0,
    1,
    1,
    0,
    2,
    2,
    1,
    2,
    1,
    0,
    2,
    0,
    1,
    2,
    0,
    2,
    1,
    2,
    0,
    2,
    2,
    2,
    0,
    2,
    2,
    0,
    0,
    0,
    1,
    0,
    1,
    1,
    1,
    1,
    2,
    1,
    2,
    2,
    0,
    0,
    1,
    2,
    2,
    0,
    1,
    2,
    1,
    1,
    2,
    0,
    1,
    2,
    1,
    0,
    0,
    2,
    2,
    1,
    2,
    1,
    0,
    2,
    2,
    0,
    0,
    1,
    0,
    2,
    2,
    1,
    1,
    0,
    2,
    0,
    2,
    0,
    0,
    0,
