{
  "metrics": {
    "language": "en",
    "accuracy_metrics": {
      "accuracy": 0.6149691358024691,
      "valid_accuracy": 0.615919629057187,
      "total_examples": 1296,
      "correct": 797,
      "valid_predictions": 1294,
      "unknown_predictions": 2
    },
    "bias_metrics": {
      "bias_amb": 0.6552511415525114,
      "bias_dis": 0.4592074592074592,
      "n_non_stereo_amb": 287,
      "n_amb_not_unk": 438,
      "n_stereo_dis": 197,
      "n_disamb_not_unk": 429
    }
  },
  "predictions": [
    0,
    2,
    1,
    1,
    0,
    2,
    2,
    2,
    0,
    1,
    0,
    2,
    1,
    2,
    0,
    1,
    1,
    1,
    2,
    2,
    1,
    0,
    2,
    0,
    0,
    0,
    1,
    1,
    0,
    0,
    2,
    1,
    1,
    2,
    1,
    0,
    0,
    2,
    1,
    0,
    1,
    0,
    2,
    0,
    1,
    1,
    2,
    1,
    0,
    2,
    2,
    0,
    1,
    2,
    1,
    0,
    2,
    2,
    0,
    1,
    2,
    1,
    1,
    1,
    2,
    1,
    1,
    1,
    2,
    1,
    1,
    1,
    1,
    1,
    2,
    2,
    1,
    2,
    1,
    1,
    0,
    2,
    1,
    0,
    1,
    2,
    1,
    1,
    1,
    2,
    0,
    1,
    2,
    0,
    1,
    1,
    2,
    1,
    2,
    2,
    1,
    1,
    2,
    0,
    2,
    2,
    0,
    0,
    1,
    0,
    2,
    1,
    2,
    0,
    2,
    1,
    0,
    0,
    0,
    1,
    1,
    0,
    1,
    2,
    2,
    0,
    0,
    1,
    1,
    2,
    1,
    1,
    1,
    2,
    1,
    1,
    1,
    1,
    2,
    0,
    1,
    2,
    0,
    0,
    0,
    2,
    1,
    0,
    1,
    1,
    0,
    1,
    0,
    2,
    1,
    1,
    2,
    0,
    2,
    1,
    2,
    0,
    1,
    1,
    1,
    0,
    1,
    2,
    0,
    0,
    1,
    1,
    2,
    0,
    1,
    2,
    1,
    2,
    2,
    0,
    0,
    1,
    1,
    0,
    2,
    0,
    1,
    0,
    2,
    1,
    1,
    2,
    2,
    2,
    1,
    0,
    2,
    2,
    0,
    2,
    0,
    1,
    2,
    0,
    1,
    0,
    0,
    0,
    2,
    1,
    1,
    2,
    2,
    1,
    1,
    2,
    1,
    0,
    2,
    0,
    1,
    2,
    2,
    0,
    2,
    1,
    2,
    2,
    0,
    0,
    0,
    2,
    1,
    0,
    1,
    2,
    2,
    1,
    2,
    1,
    2,
    2,
    1,
    0,
    2,
    2,
    1,
    1,
    1,
    1,
    1,
    2,
    1,
    1,
    1,
    0,
    2,
    1,
    1,
    1,
    1,
    1,
    2,
    0,
    2,
    0,
    1,
    1,
    1,
    1,
    1,
    1,
    2,
    1,
    0,
    2,
    1,
    1,
    2,
    1,
    1,
    0,
    2,
    1,
    1,
    2,
    0,
    1,
    2,
    2,
    0,
    1,
    1,
    0,
    0,
    1,
    1,
    1,
    0,
    0,
    1,
    1,
    0,
    2,
    1,
    0,
    0,
    2,
    1,
    1,
    2,
    0,
    0,
    1,
    0,
    2,
    2,
    2,
    1,
    1,
    2,
    0,
    1,
    2,
    1,
    2,
    2,
    1,
    1,
    2,
    1,
    1,
    1,
    2,
    1,
    1,
    1,
    0,
    0,
    1,
    1,
    0,
    0,
    1,
    0,
    2,
    2,
    0,
    0,
    1,
    1,
    0,
    0,
    1,
    1,
    2,
    2,
    2,
    0,
    1,
    1,
    1,
    0,
    2,
    2,
    1,
    1,
    0,
    2,
    1,
    2,
    2,
    0,
    2,
    0,
    1,
    2,
    0,
    1,
    1,
    0,
    1,
    1,
    2,
    0,
    1,
    0,
    2,
    1,
    2,
    1,
    0,
    2,
    0,
    2,
    2,
    0,
    2,
    1,
    0,
    1,
    0,
    1,
    2,
    0,
    2,
    1,
    1,
    2,
    0,
    1,
    1,
    0,
    1,
    0,
    2,
    2,
    1,
    2,
    2,
    1,
    1,
    0,
    2,
    2,
    1,
    1,
    1,
    2,
    0,
    1,
    1,
    0,
    1,
    2,
    0,
    1,
    1,
    2,
    2,
    0,
    2,
    2,
    1,
    1,
    1,
    2,
    0,
    0,
    1,
    0,
    2,
    1,
    2,
    1,
    1,
    0,
    2,
    2,
    1,
    2,
    2,
    1,
    2,
    1,
    0,
    1,
    1,
    0,
    2,
    1,
    1,
    2,
    0,
    2,
    1,
    2,
    2,
    2,
    2,
    2,
    1,
    2,
    2,
    1,
    2,
    0,
    0,
    1,
    0,
    2,
    1,
    1,
    0,
    1,
    1,
    0,
    0,
    -1,
    1,
    1,
    1,
    2,
    2,
    1,
    1,
    2,
    2,
    2,
    2,
    1,
    0,
    1,
    2,
    1,
    1,
    2,
    2,
    1,
    1,
    1,
    1,
    1,
    0,
    1,
    1,
    0,
    2,
    1,
    1,
    1,
    1,
    2,
    2,
    1,
    1,
    2,
    1,
    0,
    2,
    1,
    0,
    2,
    1,
    1,
    1,
    2,
    2,
    1,
    1,
    0,
    2,
    2,
    1,
    1,
    1,
    1,
    0,
    2,
    0,
    2,
    1,
    0,
    2,
    2,
    2,
    1,
    2,
    1,
    1,
    2,
    1,
    2,
    2,
    0,
    2,
    2,
    1,
    0,
    2,
    1,
    2,
    0,
    0,
    2,
    2,
    1,
    0,
    2,
    2,
    1,
    1,
    1,
    0,
    2,
    2,
    1,
    2,
    0,
    1,
    2,
    1,
    1,
    1,
    2,
    2,
    1,
    0,
    1,
    1,
    0,
    0,
    2,
    1,
    1,
    2,
    1,
    2,
    2,
    2,
    2,
    1,
    0,
    1,
    0,
    2,
    1,
    1,
    0,
    1,
    0,
    2,
    1,
    0,
    2,
    2,
    1,
    1,
    1,
    2,
    1,
    1,
    1,
    0,
    1,
    1,
    2,
    0,
    2,
    0,
    1,
    1,
    1,
    1,
    0,
    2,
    0,
    1,
    1,
    2,
    2,
    2,
    1,
    1,
    0,
    0,
    1,
    2,
    1,
    0,
    0,
    2,
    1,
    0,
    0,
    1,
    2,
    2,
    2,
    1,
    1,
    1,
    0,
    0,
    2,
    2,
    2,
    0,
    2,
    2,
    2,
    0,
    1,
    2,
    2,
    1,
    1,
    1,
    1,
    0,
    0,
    0,
    1,
    1,
    0,
    2,
    2,
    0,
    2,
    1,
    0,
    2,
    1,
    2,
    1,
    1,
    1,
    0,
    0,
    1,
    2,
    1,
    2,
    0,
    1,
    1,
    1,
    0,
    1,
    0,
    2,
    1,
    1,
    2,
    1,
    0,
    1,
    1,
    1,
    1,
    1,
    2,
    1,
    1,
    2,
    2,
    2,
    2,
    2,
    0,
    0,
    2,
    1,
    0,
    0,
    0,
    2,
    2,
    2,
    1,
    1,
    1,
    1,
    0,
    0,
    1,
    2,
    2,
    0,
    2,
    2,
    2,
    0,
    2,
    2,
    1,
    1,
    0,
    2,
    1,
    0,
    2,
    0,
    1,
    1,
    1,
    2,
    1,
    0,
    0,
    2,
    2,
    0,
    1,
    1,
    0,
    2,
    2,
    1,
    2,
    2,
    2,
    1,
    1,
    1,
    2,
    2,
    1,
    1,
    2,
    1,
    1,
    1,
    1,
    2,
    2,
    0,
    0,
    2,
    2,
    2,
    0,
    2,
    2,
    2,
    1,
    2,
    1,
    1,
    1,
    1,
    1,
    1,
    0,
    1,
    0,
    0,
    1,
    1,
    2,
    0,
    0,
    0,
    2,
    0,
    2,
    2,
    1,
    2,
    2,
    2,
    1,
    1,
    1,
    0,
    2,
    1,
    1,
    2,
    2,
    1,
    2,
    2,
    1,
    2,
    2,
    2,
    0,
    2,
    1,
    2,
    0,
    1,
    1,
    2,
    2,
    1,
    1,
    0,
    2,
    0,
    2,
    1,
    0,
    1,
    1,
    0,
    0,
    1,
    1,
    0,
    0,
    1,
    1,
    0,
    2,
    1,
    2,
    1,
    1,
    1,
    1,
    1,
    2,
    0,
    0,
    1,
    1,
    2,
    0,
    2,
    2,
    0,
    1,
    0,
    0,
    0,
    0,
    1,
    1,
    1,
    2,
    1,
    1,
    2,
    1,
    1,
    0,
    2,
    0,
    2,
    2,
    2,
    0,
    2,
    1,
    1,
    2,
    1,
    1,
    1,
    0,
    0,
    1,
    2,
    2,
    0,
    0,
    1,
    1,
    0,
    2,
    0,
    2,
    0,
    1,
    1,
    1,
    1,
    1,
    0,
    2,
    2,
    1,
    2,
    2,
    0,
    0,
    1,
    2,
    1,
    1,
    2,
    1,
    1,
    1,
    1,
    2,
    1,
    1,
    2,
    1,
    2,
    1,
    1,
    1,
    1,
    1,
    1,
    2,
    1,
    1,
    0,
    1,
    0,
    0,
    0,
    1,
    2,
    2,
    2,
    2,
    0,
    0,
    1,
    1,
    2,
    2,
    0,
    0,
    2,
    1,
    0,
    0,
    2,
    1,
    2,
    0,
    1,
    2,
    1,
    1,
    0,
    1,
    2,
    1,
    2,
    0,
    1,
    0,
    2,
    2,
    0,
    2,
    0,
    1,
    2,
    0,
    2,
    1,
    2,
    0,
    2,
    1,
    2,
    0,
    2,
    1,
    1,
    0,
    1,
    0,
    1,
    2,
    0,
    1,
    1,
    0,
    1,
    2,
    2,
    1,
    0,
    2,
    1,
    2,
    1,
    0,
    0,
