{
  "metrics": {
    "language": "nl",
    "accuracy_metrics": {
      "accuracy": 0.533179012345679,
      "valid_accuracy": 0.533179012345679,
      "total_examples": 1296,
      "correct": 691,
      "valid_predictions": 1296,
      "unknown_predictions": 0
    },
    "bias_metrics": {
      "bias_amb": 0.6529680365296804,
      "bias_dis": 0.44522144522144524,
      "n_non_stereo_amb": 286,
      "n_amb_not_unk": 438,
      "n_stereo_dis": 191,
      "n_disamb_not_unk": 429
    }
  },
  "predictions": [
    0,
    2,
    1,
    1,
    1,
    2,
    2,
    0,
    2,
    2,
    0,
    1,
    0,
    2,
    1,
    1,
    0,
    1,
    0,
    1,
    0,
    1,
    1,
    2,
    2,
    0,
    2,
    2,
    1,
    0,
    2,
    1,
    2,
    2,
    1,
    1,
    2,
    2,
    0,
    0,
    2,
    0,
    2,
    2,
    1,
    1,
    0,
    1,
    1,
    2,
    2,
    2,
    2,
    2,
    2,
    0,
    0,
    1,
    0,
    1,
    2,
    2,
    1,
    1,
    2,
    1,
    0,
    2,
    0,
    1,
    2,
    1,
    2,
    1,
    0,
    2,
    2,
    2,
    1,
    0,
    1,
    2,
    2,
    0,
    2,
    2,
    1,
    2,
    2,
    2,
    1,
    1,
    2,
    1,
    1,
    1,
    2,
    1,
    0,
    2,
    1,
    1,
    2,
    0,
    2,
    2,
    0,
    0,
    1,
    0,
    2,
    1,
    2,
    0,
    2,
    1,
    0,
    0,
    0,
    1,
    1,
    1,
    2,
    2,
    2,
    0,
    0,
    1,
    2,
    1,
    1,
    1,
    2,
    2,
    1,
    0,
    2,
    1,
    2,
    0,
    1,
    2,
    2,
    0,
    2,
    2,
    1,
    0,
    0,
    2,
    2,
    1,
    1,
    2,
    1,
    1,
    0,
    0,
    1,
    1,
    0,
    0,
    0,
    1,
    0,
    0,
    1,
    2,
    0,
    1,
    1,
    1,
    1,
    2,
    2,
    0,
    1,
    1,
    2,
    0,
    0,
    1,
    0,
    0,
    1,
    0,
    0,
    0,
    2,
    1,
    1,
    1,
    1,
    1,
    1,
    0,
    2,
    0,
    1,
    2,
    1,
    1,
    1,
    2,
    1,
    2,
    0,
    0,
    1,
    2,
    1,
    2,
    1,
    0,
    2,
    0,
    1,
    2,
    2,
    0,
    2,
    1,
    2,
    0,
    1,
    2,
    1,
    1,
    0,
    1,
    1,
    2,
    2,
    0,
    1,
    2,
    1,
    1,
    0,
    1,
    1,
    2,
    1,
    1,
    1,
    2,
    0,
    1,
    2,
    2,
    1,
    0,
    1,
    1,
    2,
    0,
    2,
    2,
    2,
    1,
    0,
    1,
    2,
    0,
    1,
    1,
    0,
    1,
    1,
    1,
    1,
    1,
    2,
    2,
    1,
    2,
    0,
    0,
    1,
    2,
    1,
    1,
    0,
    1,
    1,
    1,
    1,
    1,
    2,
    2,
    1,
    1,
    1,
    0,
    2,
    1,
    1,
    1,
    0,
    0,
    1,
    1,
    0,
    2,
    1,
    1,
    0,
    2,
    1,
    1,
    2,
    0,
    1,
    1,
    0,
    2,
    2,
    2,
    1,
    1,
    2,
    0,
    1,
    2,
    1,
    2,
    1,
    1,
    2,
    2,
    1,
    0,
    1,
    2,
    2,
    1,
    1,
    0,
    2,
    1,
    1,
    0,
    1,
    1,
    0,
    2,
    2,
    2,
    2,
    1,
    2,
    0,
    1,
    1,
    0,
    2,
    1,
    2,
    0,
    0,
    2,
    1,
    0,
    2,
    2,
    1,
    2,
    2,
    1,
    1,
    0,
    2,
    2,
    2,
    0,
    1,
    2,
    1,
    2,
    2,
    1,
    1,
    2,
    1,
    2,
    0,
    2,
    2,
    2,
    1,
    2,
    0,
    2,
    0,
    0,
    2,
    0,
    2,
    0,
    0,
    1,
    2,
    2,
    2,
    1,
    2,
    1,
    1,
    1,
    2,
    2,
    0,
    0,
    1,
    0,
    2,
    1,
    1,
    0,
    2,
    1,
    0,
    2,
    2,
    2,
    0,
    1,
    1,
    0,
    0,
    2,
    1,
    2,
    1,
    2,
    0,
    1,
    1,
    1,
    0,
    2,
    2,
    0,
    1,
    2,
    1,
    1,
    0,
    2,
    1,
    1,
    0,
    2,
    1,
    2,
    1,
    2,
    0,
    1,
    0,
    1,
    1,
    1,
    0,
    0,
    0,
    2,
    2,
    2,
    2,
    1,
    0,
    1,
    0,
    1,
    1,
    0,
    0,
    2,
    1,
    1,
    1,
    2,
    0,
    1,
    1,
    2,
    2,
    0,
    0,
    2,
    1,
    0,
    0,
    2,
    2,
    0,
    0,
    0,
    1,
    2,
    1,
    0,
    2,
    0,
    0,
    2,
    1,
    2,
    2,
    1,
    1,
    1,
    1,
    1,
    0,
    2,
    2,
    2,
    0,
    1,
    1,
    2,
    0,
    1,
    1,
    1,
    2,
    0,
    0,
    1,
    2,
    2,
    2,
    1,
    0,
    1,
    1,
    0,
    2,
    2,
    0,
    2,
    1,
    1,
    1,
    1,
    0,
    2,
    0,
    1,
    2,
    0,
    0,
    1,
    1,
    1,
    1,
    2,
    1,
    2,
    1,
    0,
    2,
    2,
    0,
    1,
    0,
    2,
    0,
    2,
    1,
    2,
    2,
    0,
    1,
    2,
    1,
    2,
    2,
    1,
    2,
    1,
    1,
    0,
    1,
    0,
    2,
    1,
    2,
    1,
    1,
    0,
    1,
    1,
    1,
    2,
    2,
    1,
    2,
    2,
    2,
    0,
    0,
    0,
    2,
    2,
    0,
    2,
    1,
    1,
    2,
    2,
    0,
    2,
    0,
    2,
    0,
    1,
    1,
    2,
    1,
    2,
    2,
    1,
    2,
    0,
    1,
    2,
    1,
    0,
    1,
    0,
    0,
    1,
    1,
    0,
    0,
    2,
    0,
    2,
    1,
    2,
    0,
    1,
    1,
    1,
    0,
    1,
    0,
    0,
    1,
    0,
    0,
    0,
    2,
    1,
    1,
    2,
    2,
    1,
    2,
    1,
    1,
    0,
    0,
    0,
    2,
    0,
    0,
    0,
    2,
    1,
    2,
    0,
    2,
    2,
    2,
    2,
    1,
    0,
    2,
    1,
    0,
    2,
    2,
    2,
    0,
    1,
    2,
    2,
    0,
    1,
    1,
    1,
    1,
    0,
    1,
    1,
    0,
    2,
    0,
    0,
    1,
    2,
    2,
    0,
    0,
    2,
    1,
    1,
    2,
    1,
    1,
    2,
    1,
    2,
    0,
    2,
    1,
    0,
    1,
    1,
    0,
    1,
    1,
    2,
    2,
    1,
    0,
    2,
    1,
    2,
    1,
    2,
    0,
    1,
    1,
    1,
    1,
    2,
    2,
    2,
    1,
    1,
    0,
    0,
    2,
    0,
    0,
    1,
    2,
    2,
    2,
    2,
    0,
    2,
    1,
    0,
    1,
    1,
    2,
    1,
    2,
    2,
    2,
    2,
    2,
    1,
    2,
    2,
    1,
    1,
    2,
    2,
    1,
    0,
    2,
    0,
    2,
    1,
    1,
    0,
    1,
    0,
    1,
    0,
    1,
    1,
    0,
    2,
    1,
    0,
    1,
    1,
    0,
    1,
    0,
    1,
    0,
    2,
    0,
    1,
    1,
    2,
    2,
    2,
    1,
    2,
    2,
    0,
    2,
    1,
    2,
    0,
    2,
    0,
    1,
    1,
    0,
    2,
    1,
    1,
    0,
    2,
    2,
    1,
    1,
    2,
    2,
    2,
    0,
    1,
    1,
    1,
    2,
    2,
    1,
    0,
    0,
    0,
    2,
    1,
    1,
    2,
    0,
    1,
    0,
    2,
    0,
    1,
    2,
    2,
    2,
    2,
    2,
    2,
    2,
    1,
    0,
    2,
    2,
    1,
    1,
    1,
    1,
    1,
    1,
    2,
    1,
    1,
    0,
    0,
    2,
    2,
    2,
    2,
    1,
    0,
    2,
    1,
    2,
    0,
    0,
    1,
    1,
    0,
    0,
    1,
    1,
    2,
    0,
    2,
    1,
    0,
    0,
    1,
    2,
    1,
    1,
    2,
    0,
    1,
    2,
    0,
    0,
    1,
    1,
    2,
    0,
    2,
    0,
    0,
    1,
    2,
    2,
    1,
    0,
    1,
    1,
    1,
    2,
    1,
    1,
    2,
    1,
    2,
    1,
    2,
    0,
    2,
    1,
    2,
    0,
    2,
    1,
    2,
    2,
    2,
    0,
    1,
    2,
    2,
    2,
    0,
    2,
    2,
    1,
    1,
    0,
    2,
    2,
    2,
    2,
    1,
    1,
    1,
    1,
    1,
    1,
    2,
    2,
    0,
    1,
    1,
    1,
    2,
    2,
    0,
    2,
    1,
    2,
    2,
    1,
    2,
    2,
    0,
    2,
    1,
    2,
    2,
    1,
    1,
    1,
    2,
    2,
    1,
    2,
    1,
    1,
    1,
    2,
    0,
    1,
    0,
    0,
    1,
    1,
    0,
    0,
    1,
    2,
    1,
    2,
    1,
    1,
    2,
    2,
    2,
    0,
    0,
    1,
    2,
    0,
    2,
    1,
    0,
    0,
    2,
    1,
    1,
    1,
    0,
    2,
    0,
    0,
    0,
    0,
    1,
    1,
    1,
    2,
    2,
    2,
    1,
    1,
    0,
    2,
    2,
    1,
    1,
    2,
    2,
    1,
    2,
    1,
    1,
    1,
    1,
    1,
    2,
    0,
    1,
    2,
    0,
    1,
    2,
    1,
    1,
    2,
    0,
    1,
    1,
    2,
    1,
    2,
    2,
    0,
    2,
