{
  "metrics": {
    "language": "es",
    "accuracy_metrics": {
      "accuracy": 0.5229591836734694,
      "valid_accuracy": 0.5229591836734694,
      "total_examples": 1176,
      "correct": 615,
      "valid_predictions": 1176,
      "unknown_predictions": 0
    },
    "bias_metrics": {
      "bias_amb": 0.6416666666666667,
      "bias_dis": 0.4338235294117647,
      "n_non_stereo_amb": 231,
      "n_amb_not_unk": 360,
      "n_stereo_dis": 177,
      "n_disamb_not_unk": 408
    }
  },
  "predictions": [
    2,
    0,
    0,
    2,
    2,
    0,
    2,
    0,
    0,
    2,
    0,
    2,
    1,
    2,
    1,
    1,
    2,
    2,
    2,
    0,
    2,
    1,
    1,
    2,
    1,
    0,
    2,
    2,
    2,
    0,
    2,
    1,
    1,
    0,
    2,
    0,
    1,
    0,
    1,
    2,
    1,
    1,
    0,
    0,
    1,
    2,
    1,
    1,
    0,
    0,
    0,
    2,
    0,
    0,
    2,
    0,
    0,
    2,
    2,
    0,
    0,
    0,
    1,
    0,
    1,
    1,
    0,
    2,
    0,
    2,
    0,
    2,
    1,
    2,
    1,
    0,
    1,
    2,
    1,
    2,
    2,
    0,
    0,
    2,
    1,
    2,
    1,
    0,
    0,
    1,
    0,
    0,
    2,
    0,
    2,
    0,
    1,
    2,
    2,
    2,
    0,
    2,
    1,
    0,
    0,
    2,
    0,
    2,
    0,
    1,
    1,
    1,
    0,
    0,
    0,
    2,
    0,
    2,
    1,
    0,
    2,
    0,
    2,
    1,
    1,
    2,
    2,
    2,
    0,
    0,
    0,
    2,
    2,
    2,
    2,
    0,
    2,
    2,
    2,
    2,
    2,
    2,
    1,
    0,
    1,
    0,
    2,
    0,
    0,
    2,
    0,
    0,
    0,
    0,
    0,
    2,
    2,
    2,
    2,
    0,
    2,
    1,
    2,
    0,
    2,
    2,
    2,
    2,
    0,
    1,
    0,
    2,
    0,
    2,
    2,
    1,
    0,
    1,
    1,
    2,
    1,
    0,
    1,
    1,
    1,
    0,
    1,
    0,
    0,
    2,
    0,
    0,
    2,
    2,
    2,
    2,
    0,
    1,
    2,
    0,
    1,
    0,
    1,
    1,
    1,
    1,
    0,
    0,
    1,
    2,
    0,
    0,
    0,
    0,
    0,
    0,
    1,
    2,
    1,
    0,
    2,
    2,
    0,
    2,
    2,
    2,
    2,
    1,
    2,
    1,
    0,
    0,
    2,
    0,
    0,
    0,
    0,
    0,
    0,
    2,
    0,
    2,
    0,
    1,
    2,
    1,
    2,
    0,
    2,
    1,
    0,
    0,
    1,
    0,
    1,
    2,
    0,
    2,
    1,
    1,
    1,
    2,
    0,
    2,
    1,
    0,
    2,
    2,
    1,
    0,
    2,
    1,
    2,
    1,
    0,
    0,
    0,
    2,
    0,
    2,
    0,
    0,
    0,
    1,
    2,
    1,
    0,
    1,
    0,
    1,
    1,
    2,
    1,
    2,
    1,
    1,
    2,
    1,
    0,
    2,
    0,
    1,
    0,
    0,
    2,
    1,
    2,
    1,
    0,
    2,
    2,
    1,
    0,
    1,
    2,
    0,
    1,
    1,
    1,
    2,
    0,
    0,
    0,
    2,
    0,
    0,
    1,
    1,
    1,
    1,
    0,
    0,
    2,
    2,
    2,
    1,
    2,
    1,
    2,
    2,
    1,
    0,
    1,
    0,
    0,
    0,
    2,
    0,
    0,
    1,
    1,
    0,
    0,
    1,
    0,
    1,
    1,
    1,
    2,
    0,
    0,
    2,
    1,
    2,
    0,
    0,
    2,
    2,
    1,
    0,
    2,
    2,
    0,
    1,
    1,
    2,
    2,
    2,
    1,
    0,
    1,
    1,
    1,
    0,
    2,
    2,
    2,
    0,
    2,
    2,
    0,
    0,
    1,
    2,
    0,
    0,
    2,
    2,
    0,
    2,
    2,
    1,
    0,
    0,
    0,
    2,
    0,
    1,
    0,
    0,
    2,
    2,
    2,
    0,
    1,
    0,
    2,
    1,
    2,
    2,
    0,
    2,
    1,
    0,
    0,
    2,
    0,
    1,
    1,
    1,
    0,
    0,
    0,
    2,
    1,
    1,
    1,
    1,
    0,
    0,
    1,
    2,
    0,
    0,
    2,
    1,
    0,
    2,
    2,
    2,
    1,
    0,
    2,
    1,
    0,
    2,
    2,
    0,
    2,
    2,
    1,
    0,
    1,
    1,
    2,
    2,
    2,
    2,
    1,
    0,
    1,
    0,
    2,
    2,
    0,
    2,
    2,
    0,
    2,
    2,
    2,
    2,
    1,
    2,
    2,
    1,
    0,
    0,
    0,
    2,
    0,
    1,
    0,
    2,
    1,
    1,
    2,
    1,
    0,
    0,
    0,
    2,
    0,
    1,
    2,
    2,
    1,
    0,
    1,
    2,
    2,
    0,
    0,
    0,
    1,
    2,
    1,
    0,
    2,
    1,
    1,
    1,
    1,
    1,
    2,
    2,
    1,
    1,
    0,
    0,
    1,
    0,
    2,
    1,
    1,
    0,
    0,
    0,
    2,
    2,
    2,
    2,
    2,
    0,
    1,
    2,
    1,
    0,
    0,
    1,
    0,
    2,
    1,
    2,
    0,
    1,
    1,
    2,
    2,
    1,
    1,
    1,
    1,
    1,
    1,
    2,
    2,
    1,
    0,
    2,
    1,
    0,
    2,
    1,
    2,
    2,
    2,
    1,
    2,
    2,
    2,
    2,
    2,
    2,
    2,
    2,
    2,
    2,
    2,
    2,
    2,
    0,
    0,
    2,
    1,
    2,
    2,
    2,
    2,
    0,
    2,
    1,
    2,
    0,
    0,
    0,
    1,
    2,
    2,
    1,
    1,
    0,
    0,
    0,
    2,
    2,
    0,
    0,
    0,
    2,
    1,
    2,
    2,
    0,
    1,
    1,
    0,
    0,
    2,
    2,
    0,
    1,
    2,
    0,
    2,
    0,
    2,
    0,
    2,
    0,
    1,
    0,
    1,
    2,
    0,
    1,
    2,
    2,
    2,
    1,
    2,
    0,
    2,
    0,
    0,
    0,
    0,
    2,
    1,
    0,
    0,
    0,
    2,
    0,
    0,
    0,
    0,
    1,
    2,
    0,
    2,
    0,
    2,
    2,
    1,
    0,
    0,
    0,
    1,
    0,
    2,
    2,
    1,
    2,
    2,
    0,
    2,
    2,
    0,
    1,
    0,
    1,
    1,
    1,
    1,
    0,
    0,
    2,
    0,
    1,
    0,
    2,
    2,
    0,
    1,
    0,
    0,
    0,
    2,
    1,
    2,
    0,
    0,
    1,
    2,
    0,
    0,
    2,
    2,
    0,
    0,
    0,
    0,
    1,
    2,
    2,
    0,
    1,
    1,
    0,
    1,
    1,
    0,
    0,
    2,
    2,
    0,
    2,
    2,
    1,
    0,
    0,
    1,
    0,
    2,
    0,
    2,
    2,
    0,
    2,
    1,
    0,
    1,
    1,
    0,
    0,
    1,
    2,
    0,
    1,
    0,
    0,
    0,
    1,
    1,
    1,
    0,
    2,
    2,
    2,
    2,
    2,
    2,
    1,
    2,
    1,
    1,
    2,
    1,
    2,
    1,
    2,
    1,
    1,
    1,
    0,
    0,
    0,
    1,
    2,
    1,
    2,
    1,
    0,
    0,
    2,
    0,
    1,
    2,
    2,
    0,
    1,
    0,
    0,
    0,
    1,
    0,
    0,
    2,
    2,
    0,
    1,
    0,
    1,
    2,
    0,
    0,
    0,
    0,
    0,
    1,
    1,
    1,
    1,
    1,
    1,
    0,
    2,
    0,
    1,
    0,
    2,
    0,
    2,
    1,
    0,
    0,
    0,
    2,
    2,
    2,
    2,
    1,
    0,
    1,
    1,
    1,
    2,
    0,
    0,
    2,
    1,
    1,
    1,
    2,
    1,
    2,
    0,
    0,
    0,
    2,
    2,
    2,
    1,
    1,
    1,
    0,
    1,
    2,
    2,
    2,
    1,
    0,
    1,
    0,
    0,
    0,
    1,
    1,
    2,
    2,
    2,
    2,
    2,
    2,
    2,
    0,
    0,
    2,
    2,
    1,
    2,
    1,
    2,
    0,
    0,
    2,
    2,
    0,
    0,
    2,
    1,
    1,
    1,
    1,
    2,
    0,
    0,
    0,
    0,
    0,
    2,
    2,
    1,
    0,
    1,
    2,
    0,
    2,
    1,
    1,
    0,
    0,
    2,
    1,
    2,
    1,
    2,
    1,
    1,
    0,
    0,
    2,
    2,
    2,
    1,
    2,
    0,
    0,
    2,
    2,
    0,
    2,
    2,
    2,
    2,
    0,
    0,
    0,
    2,
    0,
    0,
    0,
    2,
    1,
    2,
    2,
    2,
    0,
    0,
    1,
    0,
    1,
    2,
    2,
    0,
    2,
    1,
    1,
    0,
    0,
    0,
    2,
    1,
    0,
    0,
    2,
    1,
    1,
    0,
    0,
    2,
    2,
    2,
    1,
    2,
    1,
    1,
    0,
    2,
    2,
    0,
    0,
    1,
    1,
    1,
    0,
    2,
    2,
    0,
    0,
    0,
    2,
    2,
    0,
    1,
    2,
    1,
    1,
    2,
    2,
    1,
    2,
    2,
    1,
    0,
    1,
    2,
    2,
    1,
    0,
    1,
    0,
    0,
    1,
    0,
    0,
    0,
    0,
    1,
    0,
    2,
    0,
    0,
    2,
    2,
    0,
    0,
    1,
    0,
    2,
    1,
    0,
    0,
    1,
    0,
    2,
    2,
    0,
    2,
    2,
    1,
    0,
    0,
    1,
    2,
    1,
    2,
    0,
    2,
    0,
    0,
    1,
    2,
    1,
    0,
    0,
    0,
    1,
