{
  "metrics": {
    "language": "nl",
    "accuracy_metrics": {
      "accuracy": 0.6403061224489796,
      "valid_accuracy": 0.6408510638297872,
      "total_examples": 1176,
      "correct": 753,
      "valid_predictions": 1175,
      "unknown_predictions": 1
    },
    "bias_metrics": {
      "bias_amb": 0.6136363636363636,
      "bias_dis": 0.4223300970873786,
      "n_non_stereo_amb": 216,
      "n_amb_not_unk": 352,
      "n_stereo_dis": 174,
      "n_disamb_not_unk": 412
    }
  },
  "predictions": [
    0,
    2,
    1,
    1,
    0,
    0,
    0,
    0,
    2,
    1,
    0,
    2,
    2,
    1,
    1,
    0,
    2,
    1,
    1,
    2,
    2,
    2,
    1,
    0,
    2,
    2,
    0,
    1,
    2,
    0,
    1,
    2,
    2,
    1,
    1,
    0,
    2,
    0,
    2,
    2,
    1,
    2,
    0,
    2,
    1,
    1,
    1,
    0,
    2,
    2,
    0,
    0,
    1,
    2,
    1,
    2,
    1,
    1,
    1,
    1,
    0,
    1,
    1,
    2,
    1,
    2,
    2,
    0,
    0,
    0,
    1,
    1,
    2,
    1,
    1,
    2,
    0,
    0,
    2,
    1,
    2,
    0,
    2,
    1,
    1,
    1,
    0,
    2,
    1,
    0,
    1,
    2,
    1,
    1,
    0,
    0,
    2,
    0,
    0,
    1,
    1,
    0,
    0,
    1,
    2,
    0,
    1,
    1,
    0,
    2,
    0,
    0,
    0,
    0,
    2,
    1,
    2,
    2,
    0,
    0,
    1,
    2,
    1,
    1,
    2,
    1,
    0,
    0,
    1,
    0,
    2,
    1,
    1,
    0,
    1,
    2,
    1,
    2,
    2,
    0,
    1,
    1,
    0,
    1,
    2,
    0,
    1,
    1,
    1,
    0,
    1,
    2,
    0,
    2,
    1,
    0,
    2,
    1,
    2,
    0,
    1,
    2,
    2,
    1,
    1,
    2,
    1,
    0,
    1,
    0,
    1,
    2,
    1,
    2,
    1,
    1,
    0,
    1,
    0,
    2,
    0,
    2,
    2,
    1,
    1,
    0,
    1,
    1,
    2,
    0,
    1,
    1,
    2,
    1,
    2,
    2,
    0,
    2,
    1,
    1,
    1,
    2,
    1,
    1,
    2,
    1,
    2,
    2,
    1,
    0,
    1,
    1,
    1,
    2,
    0,
    1,
    1,
    0,
    1,
    0,
    2,
    1,
    1,
    2,
    2,
    1,
    1,
    1,
    2,
    0,
    1,
    2,
    0,
    0,
    1,
    1,
    1,
    1,
    2,
    0,
    1,
    1,
    1,
    2,
    1,
    2,
    1,
    0,
    1,
    2,
    0,
    0,
    2,
    0,
    0,
    2,
    0,
    2,
    0,
    0,
    1,
    1,
    2,
    2,
    0,
    1,
    2,
    0,
    2,
    1,
    2,
    2,
    2,
    1,
    1,
    2,
    1,
    1,
    1,
    2,
    2,
    0,
    1,
    2,
    1,
    2,
    1,
    1,
    0,
    0,
    0,
    2,
    1,
    1,
    2,
    0,
    1,
    2,
    1,
    1,
    2,
    1,
    2,
    2,
    1,
    0,
    1,
    2,
    1,
    1,
    0,
    2,
    1,
    1,
    1,
    2,
    1,
    0,
    1,
    2,
    1,
    0,
    1,
    2,
    2,
    1,
    0,
    2,
    1,
    2,
    1,
    0,
    0,
    2,
    0,
    1,
    1,
    0,
    0,
    2,
    2,
    0,
    2,
    1,
    2,
    1,
    2,
    0,
    1,
    0,
    1,
    2,
    1,
    0,
    1,
    1,
    0,
    2,
    2,
    1,
    1,
    2,
    1,
    0,
    2,
    1,
    2,
    0,
    0,
    1,
    1,
    0,
    1,
    0,
    1,
    2,
    2,
    1,
    2,
    0,
    2,
    1,
    0,
    0,
    1,
    0,
    2,
    0,
    0,
    2,
    0,
    1,
    1,
    2,
    1,
    1,
    1,
    2,
    1,
    1,
    2,
    0,
    2,
    1,
    1,
    2,
    1,
    0,
    1,
    0,
    1,
    1,
    1,
    0,
    1,
    1,
    2,
    2,
    0,
    1,
    0,
    2,
    1,
    1,
    -1,
    2,
    1,
    1,
    2,
    0,
    2,
    1,
    2,
    1,
    2,
    0,
    1,
    0,
    1,
    2,
    0,
    2,
    1,
    1,
    0,
    0,
    0,
    1,
    1,
    0,
    2,
    1,
    1,
    2,
    1,
    0,
    1,
    0,
    2,
    1,
    2,
    1,
    2,
    0,
    1,
    0,
    1,
    1,
    1,
    1,
    1,
    2,
    0,
    2,
    0,
    1,
    0,
    1,
    1,
    2,
    0,
    2,
    0,
    1,
    0,
    1,
    2,
    2,
    1,
    0,
    1,
    1,
    1,
    2,
    0,
    1,
    1,
    0,
    1,
    2,
    1,
    2,
    1,
    1,
    1,
    0,
    0,
    1,
    0,
    1,
    0,
    2,
    2,
    1,
    2,
    2,
    1,
    2,
    2,
    0,
    2,
    0,
    2,
    1,
    1,
    2,
    1,
    0,
    0,
    2,
    0,
    1,
    1,
    2,
    1,
    0,
    0,
    2,
    0,
    1,
    2,
    1,
    0,
    2,
    2,
    0,
    2,
    1,
    1,
    2,
    2,
    2,
    1,
    2,
    1,
    0,
    1,
    1,
    2,
    0,
    0,
    1,
    2,
    1,
    2,
    2,
    1,
    0,
    0,
    1,
    2,
    2,
    2,
    1,
    1,
    0,
    2,
    1,
    2,
    2,
    0,
    0,
    1,
    1,
    1,
    1,
    0,
    2,
    1,
    0,
    0,
    1,
    1,
    2,
    1,
    2,
    2,
    0,
    2,
    1,
    1,
    2,
    1,
    1,
    2,
    2,
    1,
    1,
    1,
    0,
    2,
    2,
    0,
    1,
    1,
    2,
    0,
    2,
    1,
    1,
    1,
    1,
    1,
    0,
    1,
    1,
    0,
    1,
    1,
    2,
    1,
    1,
    2,
    2,
    0,
    1,
    1,
    0,
    1,
    2,
    1,
    0,
    2,
    1,
    0,
    1,
    1,
    0,
    2,
    1,
    0,
    1,
    2,
    0,
    2,
    1,
    0,
    0,
    1,
    1,
    2,
    1,
    1,
    0,
    1,
    2,
    0,
    1,
    2,
    0,
    0,
    1,
    2,
    2,
    2,
    0,
    2,
    0,
    0,
    2,
    2,
    0,
    0,
    1,
    2,
    2,
    2,
    0,
    1,
    1,
    1,
    2,
    1,
    1,
    1,
    2,
    2,
    0,
    0,
    1,
    0,
    0,
    2,
    2,
    1,
    2,
    2,
    1,
    1,
    1,
    2,
    2,
    1,
    2,
    2,
    0,
    1,
    2,
    1,
    0,
    0,
    2,
    0,
    0,
    2,
    0,
    0,
    1,
    0,
    1,
    1,
    0,
    1,
    0,
    2,
    2,
    1,
    2,
    1,
    0,
    0,
    2,
    0,
    1,
    2,
    2,
    0,
    0,
    0,
    0,
    1,
    2,
    1,
    0,
    1,
    1,
    0,
    1,
    0,
    2,
    2,
    1,
    2,
    0,
    1,
    2,
    2,
    0,
    0,
    2,
    1,
    0,
    1,
    1,
    2,
    0,
    1,
    0,
    2,
    1,
    0,
    2,
    0,
    1,
    1,
    0,
    0,
    2,
    2,
    1,
    1,
    2,
    0,
    2,
    1,
    0,
    0,
    0,
    2,
    1,
    1,
    0,
    1,
    2,
    1,
    1,
    0,
    0,
    1,
    2,
    1,
    0,
    2,
    0,
    2,
    1,
    2,
    1,
    1,
    0,
    1,
    2,
    0,
    1,
    2,
    1,
    0,
    2,
    1,
    2,
    1,
    0,
    1,
    2,
    2,
    0,
    1,
    1,
    0,
    0,
    2,
    2,
    1,
    2,
    2,
    0,
    1,
    0,
    2,
    1,
    1,
    2,
    2,
    2,
    1,
    2,
    2,
    2,
    1,
    0,
    0,
    1,
    1,
    0,
    1,
    1,
    2,
    1,
    1,
    0,
    1,
    1,
    1,
    2,
    1,
    1,
    1,
    1,
    0,
    1,
    2,
    0,
    0,
    2,
    1,
    2,
    1,
    1,
    0,
    2,
    0,
    2,
    2,
    2,
    1,
    2,
    2,
    2,
    2,
    2,
    0,
    1,
    2,
    1,
    1,
    1,
    0,
    1,
    2,
    2,
    2,
    0,
    2,
    1,
    1,
    0,
    1,
    2,
    1,
    0,
    1,
    0,
    0,
    1,
    2,
    2,
    1,
    0,
    1,
    0,
    2,
    2,
    1,
    0,
    1,
    1,
    0,
    0,
    0,
    1,
    2,
    1,
    2,
    2,
    1,
    1,
    1,
    2,
    1,
    1,
    0,
    0,
    2,
    2,
    2,
    1,
    1,
    2,
    2,
    1,
    2,
    1,
    2,
    2,
    1,
    1,
    1,
    1,
    0,
    0,
    0,
    2,
    1,
    2,
    2,
    1,
    1,
    0,
    1,
    2,
    0,
    1,
    1,
    2,
    2,
    0,
    1,
    1,
    2,
    0,
    2,
    1,
    1,
    1,
    2,
    0,
    2,
    0,
    2,
    1,
    2,
    1,
    2,
    2,
    1,
    0,
    2,
    2,
    0,
    1,
    2,
    1,
    1,
    0,
    0,
    2,
    0,
    1,
    2,
    0,
    0,
    2,
    0,
    1,
    1,
    0,
    1,
    0,
    1,
    0,
    1,
    1,
    1,
    2,
    0,
    0,
    2,
    1,
    0,
    2,
    0,
    0,
    1,
    2,
    2,
    0,
    1,
    2,
    1,
    2,
    2,
    0,
    0,
    2,
    0,
    0,
    0,
    2,
    2,
    0,
    1,
    1,
    1,
    0,
    0,
    2,
    2,
    0,
    0,
