{
  "metrics": {
    "language": "en",
    "accuracy_metrics": {
      "accuracy": 0.6047794117647058,
      "valid_accuracy": 0.6047794117647058,
      "total_examples": 544,
      "correct": 329,
      "valid_predictions": 544,
      "unknown_predictions": 0
    },
    "bias_metrics": {
      "bias_amb": 0.6413043478260869,
      "bias_dis": 0.37222222222222223,
      "n_non_stereo_amb": 118,
      "n_amb_not_unk": 184,
      "n_stereo_dis": 67,
      "n_disamb_not_unk": 180
    }
  },
  "predictions": [
    0,
    2,
    1,
    1,
    0,
    0,
    2,
    1,
    1,
    1,
    2,
    1,
    1,
    2,
    2,
    0,
    1,
    2,
    2,
    0,
    1,
    2,
    2,
    0,
    1,
    2,
    2,
    2,
    1,
    0,
    0,
    0,
    1,
    1,
    1,
    2,
    1,
    0,
    1,
    1,
    2,
    0,
    2,
    0,
    1,
    1,
    1,
    1,
    0,
    1,
    0,
    2,
    0,
    0,
    0,
    2,
    2,
    0,
    0,
    1,
    2,
    0,
    2,
    1,
    0,
    0,
    1,
    2,
    2,
    1,
    1,
    0,
    1,
    0,
    2,
    0,
    1,
    0,
    0,
    1,
    1,
    0,
    1,
    1,
    1,
    2,
    1,
    1,
    0,
    0,
    1,
    1,
    2,
    1,
    2,
    0,
    2,
    0,
    2,
    1,
    2,
    0,
    2,
    2,
    1,
    1,
    1,
    2,
    2,
    1,
    2,
    0,
    2,
    2,
    1,
    1,
    0,
    1,
    1,
    2,
    1,
    1,
    1,
    2,
    1,
    2,
    1,
    1,
    2,
    1,
    0,
    2,
    1,
    2,
    1,
    0,
    1,
    1,
    0,
    0,
    1,
    2,
    0,
    1,
    0,
    2,
    1,
    1,
    1,
    0,
    0,
    2,
    1,
    0,
    1,
    1,
    2,
    1,
    0,
    0,
    1,
    0,
    1,
    2,
    1,
    2,
    1,
    1,
    0,
    2,
    1,
    0,
    2,
    1,
    1,
    2,
    1,
    1,
    2,
    1,
    2,
    0,
    1,
    0,
    1,
    0,
    0,
    0,
    2,
    0,
    2,
    1,
    1,
    2,
    1,
    0,
    1,
    0,
    1,
    0,
    0,
    2,
    0,
    0,
    0,
    1,
    2,
    0,
    2,
    2,
    2,
    1,
    0,
    1,
    0,
    1,
    1,
    1,
    1,
    2,
    1,
    2,
    1,
    0,
    1,
    1,
    1,
    0,
    0,
    0,
    0,
    1,
    2,
    2,
    2,
    0,
    0,
    1,
    1,
    2,
    1,
    1,
    1,
    1,
    2,
    2,
    1,
    0,
    2,
    1,
    0,
    1,
    0,
    2,
    1,
    0,
    1,
    1,
    1,
    2,
    0,
    1,
    0,
    2,
    1,
    0,
    1,
    2,
    0,
    2,
    2,
    1,
    2,
    1,
    2,
    2,
    1,
    1,
    2,
    2,
    1,
    2,
    1,
    1,
    1,
    1,
    1,
    2,
    2,
    2,
    2,
    0,
    2,
    2,
    2,
    2,
    1,
    1,
    2,
    0,
    2,
    1,
    2,
    2,
    0,
    0,
    0,
    0,
    0,
    1,
    0,
    1,
    1,
    1,
    1,
    2,
    1,
    2,
    1,
    2,
    2,
    0,
    2,
    1,
    1,
    2,
    1,
    1,
    1,
    2,
    1,
    2,
    2,
    1,
    0,
    0,
    1,
    0,
    2,
    2,
    0,
    1,
    2,
    2,
    2,
    1,
    1,
    2,
    1,
    2,
    0,
    2,
    1,
    0,
    0,
    0,
    1,
    1,
    2,
    2,
    1,
    0,
    0,
    0,
    2,
    1,
    2,
    2,
    1,
    0,
    1,
    0,
    1,
    1,
    1,
    1,
    0,
    1,
    1,
    1,
    0,
    1,
    1,
    1,
    0,
    0,
    0,
    0,
    1,
    1,
    2,
    1,
    0,
    2,
    1,
    0,
    1,
    1,
    1,
    2,
    1,
    1,
    1,
    2,
    1,
    1,
    1,
    2,
    1,
    2,
    2,
    0,
    2,
    2,
    0,
    0,
    1,
    2,
    2,
    2,
    1,
    2,
    1,
    0,
    1,
    1,
    0,
    1,
    0,
    0,
    1,
    1,
    2,
    2,
    1,
    2,
    1,
    0,
    0,
    1,
    2,
    0,
    1,
    1,
    0,
    1,
    0,
    1,
    1,
    0,
    1,
    1,
    2,
    2,
    1,
    1,
    0,
    0,
    2,
    1,
    0,
    0,
    0,
    0,
    2,
    0,
    2,
    1,
    1,
    1,
    1,
    1,
    0,
    1,
    0,
    2,
    0,
    2,
    0,
    1,
    1,
    2,
    1,
    1,
    1,
    2,
    1,
    0,
    2,
    1,
    0,
    1,
    1,
    0,
    0,
    1,
    1,
    0,
    1,
    2,
    0,
    1,
    1,
    2,
    2,
    2,
    1,
    1,
    2,
    2,
    0,
    1,
    0,
    1,
    1,
    0,
    2,
    2,
    1,
    0,
    2,
    0,
    2,
    1,
    1,
    2,
    2,
    0,
    1,
    1,
    0,
    0,
    2,
    0,
    2,
    1,
    0,
    2,
    0,
    0,
    1,
    0,
    1,
    1
  ]
}