{
  "metrics": {
    "language": "es",
    "accuracy_metrics": {
      "accuracy": 0.5946969696969697,
      "valid_accuracy": 0.5946969696969697,
      "total_examples": 528,
      "correct": 314,
      "valid_predictions": 528,
      "unknown_predictions": 0
    },
    "bias_metrics": {
      "bias_amb": 0.675,
      "bias_dis": 0.41847826086956524,
      "n_non_stereo_amb": 108,
      "n_amb_not_unk": 160,
      "n_stereo_dis": 77,
      "n_disamb_not_unk": 184
    }
  },
  "predictions": [
    0,
    2,
    1,
    1,
    1,
    2,
    1,
    1,
    2,
    1,
    1,
    2,
    1,
    0,
    1,
    1,
    1,
    2,
    0,
    1,
    0,
    0,
    1,
    1,
    2,
    0,
    0,
    0,
    0,
    1,
    1,
    2,
    1,
    2,
    1,
    1,
    1,
    0,
    1,
    1,
    2,
    2,
    2,
    1,
    1,
    1,
    2,
    1,
    0,
    1,
    0,
    2,
    2,
    1,
    1,
    0,
    1,
    2,
    2,
    0,
    2,
    2,
    2,
    0,
    1,
    2,
    1,
    2,
    2,
    1,
    1,
    2,
    2,
    1,
    1,
    1,
    0,
    1,
    1,
    2,
    1,
    2,
    0,
    0,
    2,
    0,
    1,
    1,
    1,
    2,
    1,
    1,
    0,
    0,
    0,
    2,
    1,
    2,
    1,
    0,
    2,
    0,
    1,
    2,
    1,
    1,
    1,
    2,
    1,
    1,
    2,
    0,
    1,
    0,
    2,
    1,
    1,
    0,
    2,
    1,
    1,
    0,
    1,
    2,
    1,
    2,
    1,
    0,
    1,
    0,
    2,
    2,
    0,
    1,
    0,
    0,
    0,
    0,
    0,
    1,
    1,
    0,
    0,
    1,
    2,
    0,
    1,
    1,
    1,
    2,
    2,
    2,
    2,
    1,
    0,
    0,
    1,
    2,
    2,
    0,
    0,
    2,
    2,
    2,
    2,
    0,
    1,
    2,
    1,
    2,
    1,
    0,
    1,
    2,
    2,
    1,
    1,
    0,
    1,
    1,
    2,
    2,
    1,
    0,
    1,
    0,
    1,
    0,
    0,
    1,
    1,
    0,
    0,
    1,
    0,
    1,
    2,
    0,
    0,
    2,
    1,
    2,
    0,
    1,
    2,
    1,
    0,
    0,
    1,
    0,
    0,
    2,
    1,
    2,
    1,
    0,
    2,
    1,
    0,
    1,
    0,
    1,
    2,
    1,
    2,
    2,
    2,
    2,
    0,
    0,
    0,
    2,
    1,
    2,
    1,
    1,
    1,
    1,
    1,
    2,
    2,
    2,
    2,
    2,
    0,
    2,
    1,
    1,
    0,
    2,
    0,
    1,
    0,
    1,
    1,
    0,
    1,
    0,
    2,
    1,
    0,
    2,
    0,
    0,
    1,
    2,
    2,
    1,
    1,
    2,
    1,
    1,
    0,
    0,
    2,
    1,
    0,
    2,
    1,
    0,
    1,
    0,
    0,
    1,
    2,
    0,
    2,
    1,
    0,
    2,
    1,
    0,
    1,
    1,
    2,
    1,
    1,
    2,
    1,
    1,
    2,
    0,
    2,
    1,
    1,
    2,
    1,
    1,
    1,
    0,
    1,
    1,
    1,
    2,
    1,
    1,
    0,
    0,
    0,
    1,
    2,
    2,
    2,
    2,
    0,
    0,
    1,
    0,
    2,
    1,
    2,
    2,
    1,
    2,
    1,
    1,
    0,
    1,
    0,
    0,
    1,
    1,
    2,
    2,
    2,
    1,
    2,
    0,
    1,
    2,
    0,
    0,
    1,
    2,
    1,
    2,
    0,
    0,
    0,
    1,
    1,
    1,
    2,
    1,
    0,
    0,
    2,
    0,
    1,
    0,
    1,
    1,
    0,
    0,
    0,
    1,
    2,
    1,
    0,
    2,
    1,
    1,
    2,
    0,
    0,
    0,
    2,
    0,
    0,
    1,
    1,
    2,
    0,
    2,
    0,
    1,
    2,
    2,
    1,
    1,
    1,
    1,
    1,
    1,
    0,
    1,
    2,
    1,
    2,
    2,
    0,
    1,
    2,
    0,
    0,
    1,
    1,
    2,
    0,
    2,
    0,
    2,
    0,
    2,
    1,
    1,
    2,
    2,
    0,
    1,
    0,
    0,
    1,
    0,
    1,
    2,
    1,
    2,
    0,
    0,
    2,
    0,
    2,
    1,
    1,
    0,
    1,
    1,
    2,
    1,
    0,
    1,
    1,
    1,
    0,
    2,
    2,
    0,
    2,
    2,
    0,
    1,
    2,
    0,
    2,
    2,
    0,
    0,
    0,
    1,
    2,
    0,
    2,
    1,
    2,
    2,
    2,
    1,
    0,
    0,
    0,
    2,
    2,
    0,
    1,
    2,
    1,
    0,
    1,
    1,
    1,
    2,
    0,
    0,
    1,
    1,
    2,
    1,
    2,
    0,
    0,
    2,
    0,
    1,
    2,
    0,
    2,
    1,
    1,
    1,
    0,
    2,
    0,
    1,
    0,
    2,
    0,
    2,
    1,
    0,
    1,
    2,
    2,
    2,
    2,
    2,
    1,
    0
  ]
}