{
  "metrics": {
    "language": "tr",
    "accuracy_metrics": {
      "accuracy": 0.3460884353741497,
      "valid_accuracy": 0.3460884353741497,
      "total_examples": 1176,
      "correct": 407,
      "valid_predictions": 1176,
      "unknown_predictions": 0
    },
    "bias_metrics": {
      "bias_amb": 0.7486187845303868,
      "bias_dis": 0.36609336609336607,
      "n_non_stereo_amb": 271,
      "n_amb_not_unk": 362,
      "n_stereo_dis": 149,
      "n_disamb_not_unk": 407
    }
  },
  "predictions": [
    1,
    1,
    2,
    1,
    0,
    1,
    1,
    1,
    2,
    2,
    1,
    2,
    1,
    1,
    0,
    1,
    1,
    1,
    1,
    2,
    2,
    1,
    1,
    2,
    2,
    2,
    2,
    2,
    0,
    2,
    0,
    0,
    0,
    0,
    1,
    1,
    1,
    2,
    1,
    2,
    0,
    2,
    0,
    2,
    0,
    0,
    1,
    2,
    2,
    0,
    0,
    2,
    0,
    0,
    2,
    1,
    1,
    1,
    0,
    2,
    2,
    2,
    2,
    2,
    1,
    2,
    2,
    2,
    2,
    0,
    1,
    2,
    1,
    1,
    0,
    1,
    1,
    2,
    1,
    1,
    1,
    2,
    2,
    1,
    2,
    2,
    1,
    1,
    0,
    2,
    2,
    1,
    1,
    0,
    1,
    1,
    1,
    1,
    0,
    2,
    1,
    1,
    1,
    0,
    0,
    0,
    2,
    2,
    0,
    0,
    2,
    2,
    2,
    2,
    0,
    0,
    2,
    1,
    1,
    1,
    1,
    2,
    1,
    1,
    1,
    1,
    1,
    2,
    2,
    0,
    0,
    0,
    1,
    2,
    1,
    1,
    0,
    2,
    0,
    0,
    0,
    1,
    2,
    2,
    0,
    2,
    0,
    0,
    2,
    2,
    2,
    2,
    1,
    1,
    0,
    1,
    0,
    0,
    0,
    0,
    2,
    1,
    2,
    0,
    0,
    0,
    0,
    1,
    0,
    1,
    0,
    0,
    2,
    2,
    2,
    2,
    1,
    2,
    0,
    0,
    1,
    0,
    1,
    2,
    2,
    1,
    0,
    0,
    1,
    1,
    1,
    1,
    2,
    2,
    1,
    0,
    1,
    1,
    0,
    0,
    2,
    2,
    1,
    0,
    1,
    1,
    0,
    2,
    2,
    0,
    2,
    2,
    0,
    1,
    1,
    1,
    1,
    1,
    0,
    1,
    0,
    0,
    2,
    2,
    1,
    2,
    0,
    2,
    0,
    2,
    0,
    2,
    1,
    2,
    1,
    1,
    1,
    0,
    2,
    0,
    1,
    0,
    2,
    0,
    0,
    2,
    0,
    0,
    2,
    1,
    0,
    0,
    0,
    1,
    2,
    1,
    2,
    2,
    0,
    2,
    2,
    2,
    0,
    2,
    2,
    2,
    0,
    2,
    0,
    1,
    2,
    0,
    2,
    2,
    0,
    2,
    0,
    0,
    2,
    0,
    1,
    2,
    1,
    1,
    0,
    0,
    0,
    2,
    1,
    2,
    1,
    2,
    2,
    2,
    1,
    2,
    0,
    0,
    0,
    1,
    0,
    2,
    2,
    2,
    0,
    2,
    2,
    0,
    2,
    1,
    1,
    2,
    2,
    1,
    0,
    1,
    0,
    0,
    0,
    2,
    0,
    1,
    1,
    1,
    1,
    1,
    0,
    0,
    0,
    1,
    2,
    0,
    1,
    2,
    2,
    1,
    0,
    1,
    1,
    1,
    2,
    0,
    0,
    1,
    0,
    0,
    0,
    2,
    2,
    1,
    0,
    1,
    2,
    2,
    0,
    2,
    1,
    1,
    1,
    1,
    0,
    1,
    1,
    1,
    0,
    1,
    1,
    1,
    0,
    2,
    2,
    2,
    0,
    0,
    1,
    0,
    0,
    1,
    0,
    1,
    0,
    2,
    2,
    2,
    0,
    0,
    0,
    1,
    0,
    0,
    2,
    1,
    2,
    1,
    2,
    2,
    2,
    2,
    1,
    0,
    1,
    2,
    2,
    1,
    0,
    2,
    2,
    0,
    2,
    1,
    2,
    2,
    1,
    1,
    2,
    2,
    2,
    1,
    1,
    1,
    2,
    0,
    2,
    2,
    2,
    0,
    1,
    0,
    1,
    0,
    2,
    1,
    1,
    0,
    1,
    2,
    2,
    2,
    2,
    0,
    2,
    1,
    0,
    0,
    1,
    2,
    1,
    0,
    1,
    0,
    0,
    0,
    2,
    1,
    0,
    0,
    2,
    1,
    1,
    0,
    0,
    2,
    1,
    2,
    1,
    0,
    0,
    1,
    1,
    2,
    1,
    1,
    1,
    1,
    2,
    2,
    1,
    2,
    2,
    1,
    0,
    1,
    2,
    0,
    0,
    1,
    1,
    0,
    0,
    1,
    2,
    2,
    2,
    0,
    1,
    0,
    1,
    2,
    2,
    1,
    0,
    2,
    0,
    1,
    1,
    2,
    0,
    1,
    1,
    1,
    1,
    2,
    2,
    0,
    0,
    1,
    1,
    2,
    1,
    1,
    0,
    1,
    0,
    1,
    2,
    2,
    1,
    2,
    2,
    0,
    1,
    0,
    2,
    2,
    2,
    0,
    0,
    1,
    0,
    1,
    1,
    0,
    2,
    0,
    0,
    2,
    0,
    2,
    2,
    0,
    1,
    0,
    0,
    0,
    2,
    0,
    1,
    1,
    1,
    0,
    1,
    0,
    0,
    0,
    0,
    2,
    0,
    0,
    0,
    1,
    0,
    2,
    1,
    0,
    0,
    0,
    0,
    1,
    1,
    2,
    0,
    2,
    0,
    1,
    0,
    1,
    1,
    1,
    0,
    2,
    1,
    0,
    2,
    0,
    2,
    2,
    1,
    1,
    2,
    1,
    1,
    1,
    1,
    1,
    1,
    2,
    0,
    0,
    1,
    2,
    0,
    0,
    0,
    0,
    1,
    0,
    1,
    0,
    0,
    1,
    0,
    1,
    0,
    0,
    1,
    0,
    1,
    0,
    0,
    0,
    0,
    0,
    2,
    1,
    0,
    1,
    0,
    1,
    2,
    0,
    0,
    1,
    2,
    2,
    0,
    2,
    1,
    1,
    0,
    1,
    2,
    0,
    0,
    2,
    0,
    0,
    0,
    0,
    0,
    0,
    2,
    2,
    0,
    1,
    0,
    0,
    0,
    0,
    0,
    0,
    0,
    0,
    0,
    0,
    2,
    2,
    0,
    1,
    0,
    1,
    1,
    2,
    2,
    0,
    2,
    1,
    1,
    0,
    0,
    0,
    0,
    0,
    0,
    0,
    0,
    0,
    1,
    0,
    0,
    2,
    1,
    1,
    1,
    1,
    0,
    2,
    2,
    1,
    1,
    1,
    0,
    1,
    1,
    1,
    0,
    0,
    1,
    2,
    2,
    0,
    1,
    2,
    1,
    1,
    1,
    2,
    2,
    1,
    0,
    0,
    1,
    1,
    1,
    2,
    0,
    2,
    1,
    1,
    1,
    1,
    1,
    1,
    2,
    2,
    1,
    1,
    1,
    2,
    1,
    0,
    1,
    1,
    0,
    2,
    2,
    1,
    2,
    2,
    0,
    2,
    2,
    0,
    0,
    1,
    2,
    2,
    2,
    1,
    2,
    0,
    0,
    0,
    2,
    1,
    0,
    1,
    2,
    0,
    2,
    0,
    0,
    0,
    1,
    0,
    2,
    2,
    1,
    2,
    0,
    1,
    2,
    1,
    0,
    2,
    2,
    0,
    2,
    2,
    0,
    0,
    1,
    2,
    2,
    1,
    0,
    2,
    0,
    2,
    2,
    0,
    0,
    1,
    1,
    1,
    0,
    1,
    1,
    2,
    2,
    2,
    0,
    2,
    1,
    0,
    0,
    0,
    2,
    2,
    0,
    1,
    0,
    0,
    0,
    0,
    0,
    0,
    1,
    1,
    1,
    1,
    0,
    0,
    0,
    0,
    2,
    2,
    1,
    2,
    1,
    1,
    2,
    2,
    0,
    0,
    2,
    2,
    2,
    1,
    2,
    1,
    0,
    0,
    1,
    0,
    2,
    0,
    0,
    1,
    0,
    0,
    2,
    0,
    1,
    2,
    1,
    2,
    2,
    2,
    0,
    1,
    1,
    0,
    2,
    0,
    2,
    0,
    0,
    2,
    0,
    0,
    0,
    0,
    1,
    2,
    0,
    0,
    0,
    0,
    0,
    2,
    1,
    0,
    1,
    0,
    2,
    0,
    2,
    2,
    0,
    2,
    0,
    0,
    1,
    1,
    2,
    1,
    0,
    1,
    1,
    1,
    2,
    1,
    2,
    2,
    1,
    0,
    2,
    0,
    1,
    2,
    1,
    0,
    0,
    2,
    0,
    1,
    0,
    0,
    2,
    0,
    0,
    1,
    1,
    1,
    0,
    1,
    0,
    1,
    0,
    2,
    2,
    0,
    2,
    2,
    2,
    2,
    2,
    1,
    0,
    1,
    2,
    2,
    1,
    2,
    2,
    2,
    1,
    2,
    2,
    2,
    2,
    1,
    2,
    1,
    2,
    2,
    1,
    2,
    2,
    1,
    0,
    2,
    0,
    0,
    0,
    1,
    1,
    0,
    2,
    1,
    0,
    2,
    1,
    0,
    1,
    1,
    1,
    0,
    2,
    1,
    1,
    0,
    0,
    0,
    0,
    1,
    0,
    0,
    1,
    1,
    0,
    0,
    0,
    2,
    0,
    1,
    0,
    0,
    0,
    0,
    0,
    1,
    0,
    1,
    0,
    0,
    1,
    0,
    0,
    0,
    0,
    2,
    0,
    1,
    1,
    1,
    2,
    1,
    0,
    1,
    0,
    0,
    1,
    1,
    0,
    1,
    0,
    1,
    0,
    2,
    0,
    0,
    0,
    0,
    0,
    2,
    0,
    1,
    0,
    2,
    0,
    0,
    0,
    0,
    2,
    2,
    1,
    0,
    0,
