{
  "metrics": {
    "language": "tr",
    "accuracy_metrics": {
      "accuracy": 0.40816326530612246,
      "valid_accuracy": 0.4088586030664395,
      "total_examples": 1176,
      "correct": 480,
      "valid_predictions": 1174,
      "unknown_predictions": 2
    },
    "bias_metrics": {
      "bias_amb": 0.8038674033149171,
      "bias_dis": 0.3882063882063882,
      "n_non_stereo_amb": 291,
      "n_amb_not_unk": 362,
      "n_stereo_dis": 158,
      "n_disamb_not_unk": 407
    }
  },
  "predictions": [
    0,
    2,
    1,
    1,
    0,
    0,
    0,
    0,
    2,
    1,
    0,
    2,
    0,
    0,
    1,
    0,
    2,
    2,
    1,
    1,
    2,
    2,
    1,
    1,
    0,
    2,
    0,
    2,
    0,
    0,
    2,
    0,
    2,
    1,
    0,
    2,
    1,
    0,
    2,
    2,
    0,
    2,
    0,
    2,
    1,
    1,
    1,
    0,
    0,
    2,
    0,
    0,
    0,
    0,
    1,
    1,
    2,
    2,
    2,
    2,
    0,
    1,
    2,
    2,
    2,
    1,
    0,
    2,
    2,
    2,
    0,
    1,
    1,
    1,
    0,
    2,
    0,
    2,
    0,
    1,
    0,
    1,
    2,
    1,
    2,
    2,
    1,
    0,
    1,
    0,
    0,
    0,
    1,
    1,
    0,
    0,
    2,
    2,
    0,
    0,
    1,
    0,
    0,
    1,
    2,
    1,
    1,
    1,
    0,
    2,
    0,
    0,
    2,
    1,
    2,
    0,
    -1,
    2,
    0,
    0,
    2,
    2,
    2,
    1,
    2,
    1,
    0,
    0,
    0,
    2,
    1,
    0,
    2,
    0,
    2,
    1,
    2,
    2,
    2,
    2,
    0,
    0,
    0,
    2,
    2,
    0,
    1,
    1,
    1,
    1,
    1,
    0,
    1,
    1,
    1,
    1,
    0,
    2,
    0,
    0,
    0,
    0,
    2,
    2,
    0,
    0,
    0,
    0,
    0,
    0,
    0,
    0,
    2,
    2,
    0,
    0,
    0,
    0,
    0,
    2,
    0,
    1,
    0,
    2,
    0,
    2,
    0,
    1,
    1,
    1,
    0,
    2,
    1,
    2,
    1,
    2,
    0,
    2,
    0,
    0,
    0,
    2,
    0,
    2,
    2,
    2,
    2,
    1,
    2,
    1,
    1,
    0,
    1,
    1,
    1,
    2,
    1,
    0,
    2,
    0,
    0,
    0,
    2,
    2,
    2,
    2,
    2,
    0,
    2,
    0,
    1,
    0,
    0,
    2,
    1,
    1,
    1,
    2,
    2,
    1,
    0,
    2,
    1,
    1,
    2,
    2,
    0,
    0,
    1,
    1,
    1,
    2,
    0,
    1,
    1,
    0,
    0,
    2,
    0,
    2,
    1,
    0,
    1,
    0,
    0,
    0,
    2,
    2,
    0,
    1,
    1,
    2,
    0,
    2,
    2,
    2,
    0,
    2,
    2,
    1,
    1,
    2,
    1,
    1,
    2,
    2,
    0,
    2,
    1,
    1,
    0,
    2,
    2,
    0,
    2,
    0,
    1,
    0,
    1,
    1,
    2,
    2,
    1,
    2,
    0,
    2,
    2,
    2,
    1,
    2,
    2,
    1,
    1,
    1,
    2,
    1,
    2,
    0,
    2,
    2,
    1,
    0,
    0,
    1,
    1,
    2,
    1,
    2,
    1,
    1,
    0,
    0,
    1,
    1,
    1,
    2,
    1,
    0,
    1,
    1,
    0,
    0,
    1,
    1,
    0,
    1,
    1,
    0,
    2,
    2,
    2,
    2,
    0,
    1,
    0,
    0,
    1,
    1,
    1,
    1,
    0,
    2,
    1,
    2,
    1,
    1,
    1,
    2,
    0,
    0,
    0,
    1,
    0,
    2,
    2,
    1,
    0,
    2,
    0,
    0,
    0,
    2,
    0,
    1,
    1,
    0,
    0,
    1,
    0,
    0,
    1,
    1,
    1,
    2,
    0,
    2,
    0,
    1,
    0,
    1,
    2,
    0,
    2,
    0,
    1,
    2,
    1,
    2,
    2,
    1,
    2,
    0,
    1,
    0,
    2,
    2,
    1,
    2,
    0,
    1,
    0,
    0,
    0,
    0,
    1,
    1,
    0,
    0,
    2,
    2,
    1,
    0,
    0,
    1,
    1,
    2,
    0,
    2,
    0,
    1,
    1,
    2,
    0,
    2,
    1,
    2,
    1,
    1,
    1,
    0,
    0,
    0,
    1,
    1,
    0,
    1,
    0,
    2,
    0,
    0,
    1,
    2,
    2,
    0,
    1,
    0,
    1,
    1,
    1,
    0,
    0,
    1,
    2,
    0,
    2,
    2,
    1,
    2,
    1,
    1,
    0,
    2,
    2,
    2,
    2,
    2,
    1,
    2,
    2,
    2,
    1,
    2,
    2,
    0,
    2,
    2,
    1,
    2,
    0,
    0,
    2,
    0,
    0,
    0,
    0,
    2,
    0,
    0,
    0,
    2,
    0,
    0,
    1,
    1,
    1,
    1,
    1,
    2,
    0,
    2,
    0,
    1,
    2,
    1,
    0,
    2,
    0,
    1,
    0,
    2,
    2,
    2,
    2,
    2,
    0,
    0,
    0,
    0,
    1,
    1,
    0,
    0,
    2,
    0,
    0,
    0,
    1,
    2,
    1,
    2,
    2,
    2,
    1,
    0,
    1,
    2,
    1,
    1,
    2,
    0,
    0,
    2,
    2,
    1,
    2,
    0,
    2,
    2,
    2,
    0,
    2,
    0,
    1,
    0,
    1,
    0,
    2,
    2,
    1,
    0,
    2,
    1,
    1,
    1,
    1,
    1,
    1,
    0,
    0,
    1,
    2,
    0,
    0,
    0,
    0,
    2,
    2,
    2,
    1,
    1,
    0,
    1,
    0,
    1,
    2,
    0,
    0,
    0,
    1,
    1,
    2,
    2,
    1,
    0,
    1,
    2,
    1,
    2,
    2,
    0,
    0,
    0,
    0,
    0,
    1,
    1,
    1,
    0,
    2,
    1,
    0,
    1,
    2,
    1,
    1,
    1,
    0,
    0,
    1,
    2,
    1,
    1,
    0,
    1,
    1,
    1,
    1,
    0,
    2,
    0,
    2,
    1,
    0,
    2,
    1,
    0,
    0,
    0,
    1,
    0,
    2,
    0,
    1,
    1,
    1,
    0,
    0,
    1,
    0,
    0,
    0,
    1,
    2,
    2,
    1,
    0,
    2,
    0,
    0,
    1,
    0,
    2,
    0,
    0,
    2,
    2,
    0,
    0,
    0,
    1,
    1,
    2,
    0,
    0,
    2,
    1,
    0,
    2,
    1,
    1,
    0,
    2,
    0,
    0,
    1,
    2,
    2,
    0,
    1,
    2,
    2,
    2,
    0,
    1,
    0,
    1,
    1,
    2,
    1,
    0,
    0,
    1,
    0,
    1,
    2,
    0,
    0,
    2,
    0,
    1,
    1,
    0,
    0,
    0,
    0,
    0,
    1,
    1,
    1,
    1,
    1,
    0,
    0,
    0,
    0,
    1,
    0,
    2,
    1,
    1,
    0,
    1,
    0,
    2,
    0,
    2,
    1,
    0,
    1,
    2,
    0,
    0,
    0,
    2,
    2,
    2,
    0,
    0,
    0,
    2,
    0,
    1,
    0,
    1,
    2,
    2,
    1,
    2,
    1,
    1,
    0,
    0,
    1,
    0,
    1,
    0,
    0,
    2,
    2,
    1,
    2,
    2,
    2,
    0,
    0,
    0,
    2,
    0,
    1,
    1,
    0,
    0,
    2,
    1,
    2,
    0,
    2,
    2,
    0,
    0,
    0,
    0,
    1,
    0,
    1,
    2,
    1,
    0,
    1,
    0,
    0,
    0,
    1,
    1,
    1,
    1,
    1,
    1,
    1,
    1,
    2,
    0,
    0,
    1,
    1,
    0,
    1,
    0,
    1,
    1,
    2,
    2,
    1,
    2,
    0,
    0,
    0,
    1,
    0,
    0,
    0,
    1,
    2,
    0,
    1,
    0,
    -1,
    0,
    0,
    1,
    1,
    0,
    1,
    0,
    1,
    1,
    0,
    0,
    0,
    0,
    2,
    2,
    1,
    2,
    1,
    1,
    2,
    0,
    1,
    1,
    1,
    1,
    1,
    1,
    1,
    2,
    0,
    0,
    1,
    1,
    1,
    0,
    0,
    0,
    0,
    2,
    1,
    2,
    0,
    2,
    0,
    0,
    1,
    0,
    1,
    0,
    0,
    2,
    0,
    1,
    0,
    1,
    0,
    1,
    0,
    0,
    1,
    2,
    0,
    1,
    1,
    2,
    0,
    2,
    0,
    1,
    1,
    1,
    1,
    2,
    2,
    1,
    0,
    2,
    2,
    2,
    1,
    2,
    0,
    0,
    0,
    1,
    1,
    1,
    1,
    0,
    0,
    1,
    0,
    0,
    2,
    2,
    0,
    0,
    2,
    2,
    0,
    1,
    0,
    0,
    2,
    2,
    2,
    1,
    2,
    1,
    1,
    2,
    2,
    2,
    0,
    2,
    1,
    1,
    1,
    1,
    0,
    2,
    0,
    1,
    1,
    0,
    2,
    2,
    0,
    1,
    1,
    2,
    0,
    0,
    2,
    0,
    2,
    1,
    1,
    1,
    0,
    1,
    2,
    1,
    1,
    0,
    0,
    0,
    2,
    1,
    0,
    1,
    2,
    2,
    0,
    0,
    2,
    2,
    0,
    1,
    0,
    0,
    0,
    2,
    2,
    0,
    2,
    1,
    0,
    2,
    2,
    2,
    0,
    0,
    2,
    2,
    0,
    2,
    0,
    1,
    2,
    2,
    0,
    2,
    0,
    0,
    1,
    0,
    0,
    0,
    0,
    1,
    0,
    0,
    0,
    0,
    0,
    2,
    0,
    2,
    1,
    0,
    0,
    2,
    1,
    0,
    0,
    2,
    2,
    2,
    1,
    0,
    0,
