{
  "metrics": {
    "language": "en",
    "accuracy_metrics": {
      "accuracy": 0.5147058823529411,
      "valid_accuracy": 0.5156537753222836,
      "total_examples": 544,
      "correct": 280,
      "valid_predictions": 543,
      "unknown_predictions": 1
    },
    "bias_metrics": {
      "bias_amb": 0.6739130434782609,
      "bias_dis": 0.37222222222222223,
      "n_non_stereo_amb": 124,
      "n_amb_not_unk": 184,
      "n_stereo_dis": 67,
      "n_disamb_not_unk": 180
    }
  },
  "predictions": [
    1,
    2,
    0,
    2,
    1,
    0,
    0,
    1,
    0,
    0,
    2,
    1,
    1,
    2,
    0,
    2,
    1,
    2,
    2,
    0,
    1,
    2,
    0,
    2,
    1,
    1,
    0,
    0,
    0,
    1,
    0,
    2,
    1,
    0,
    0,
    2,
    1,
    0,
    1,
    2,
    2,
    2,
    1,
    0,
    1,
    1,
    2,
    0,
    1,
    1,
    1,
    0,
    0,
    1,
    0,
    0,
    2,
    0,
    2,
    0,
    2,
    0,
    0,
    1,
    1,
    0,
    0,
    2,
    1,
    0,
    1,
    0,
    2,
    0,
    2,
    2,
    2,
    0,
    0,
    0,
    0,
    1,
    0,
    2,
    0,
    0,
    1,
    0,
    1,
    1,
    0,
    0,
    2,
    1,
    2,
    0,
    0,
    1,
    2,
    2,
    2,
    0,
    1,
    1,
    1,
    0,
    2,
    1,
    1,
    1,
    2,
    0,
    0,
    1,
    1,
    0,
    0,
    1,
    0,
    2,
    2,
    2,
    2,
    0,
    1,
    2,
    0,
    2,
    1,
    0,
    1,
    2,
    1,
    2,
    2,
    0,
    0,
    1,
    0,
    2,
    1,
    1,
    0,
    0,
    0,
    2,
    0,
    2,
    0,
    2,
    1,
    1,
    2,
    0,
    2,
    2,
    2,
    0,
    1,
    0,
    1,
    2,
    0,
    2,
    1,
    1,
    1,
    0,
    1,
    2,
    0,
    2,
    2,
    1,
    0,
    2,
    0,
    1,
    2,
    1,
    2,
    2,
    0,
    2,
    0,
    1,
    1,
    2,
    2,
    0,
    0,
    0,
    1,
    2,
    0,
    0,
    1,
    0,
    1,
    0,
    0,
    2,
    1,
    1,
    0,
    1,
    0,
    0,
    2,
    0,
    2,
    2,
    0,
    2,
    1,
    1,
    2,
    2,
    1,
    2,
    2,
    0,
    2,
    1,
    2,
    1,
    0,
    0,
    1,
    1,
    1,
    1,
    2,
    2,
    2,
    0,
    1,
    0,
    2,
    1,
    1,
    2,
    2,
    2,
    2,
    1,
    1,
    1,
    0,
    1,
    1,
    2,
    2,
    1,
    0,
    1,
    2,
    0,
    1,
    2,
    0,
    0,
    2,
    1,
    0,
    0,
    2,
    2,
    0,
    0,
    0,
    0,
    2,
    1,
    2,
    0,
    2,
    2,
    0,
    0,
    0,
    0,
    0,
    2,
    1,
    0,
    0,
    2,
    2,
    2,
    2,
    0,
    0,
    1,
    0,
    2,
    0,
    1,
    0,
    2,
    0,
    1,
    1,
    2,
    2,
    2,
    0,
    2,
    2,
    2,
    1,
    1,
    0,
    1,
    0,
    0,
    2,
    0,
    0,
    2,
    0,
    0,
    2,
    1,
    1,
    2,
    1,
    0,
    2,
    2,
    2,
    0,
    1,
    0,
    0,
    2,
    2,
    1,
    1,
    2,
    1,
    0,
    0,
    1,
    2,
    0,
    2,
    0,
    0,
    0,
    0,
    0,
    2,
    1,
    2,
    2,
    0,
    0,
    2,
    2,
    0,
    1,
    0,
    1,
    0,
    0,
    0,
    0,
    1,
    1,
    0,
    1,
    1,
    0,
    1,
    2,
    0,
    1,
    0,
    1,
    1,
    0,
    1,
    1,
    2,
    1,
    0,
    2,
    1,
    0,
    2,
    0,
    1,
    2,
    1,
    0,
    1,
    0,
    1,
    0,
    1,
    2,
    1,
    0,
    1,
    0,
    2,
    0,
    1,
    1,
    0,
    0,
    2,
    0,
    2,
    2,
    1,
    0,
    1,
    0,
    1,
    0,
    0,
    0,
    0,
    1,
    1,
    0,
    2,
    2,
    0,
    2,
    1,
    0,
    1,
    0,
    2,
    2,
    0,
    2,
    0,
    2,
    2,
    1,
    1,
    2,
    2,
    1,
    0,
    0,
    0,
    2,
    1,
    2,
    1,
    0,
    1,
    0,
    2,
    2,
    0,
    1,
    0,
    1,
    2,
    0,
    2,
    0,
    1,
    2,
    1,
    0,
    0,
    1,
    1,
    0,
    -1,
    1,
    1,
    1,
    0,
    0,
    0,
    0,
    1,
    0,
    1,
    0,
    0,
    1,
    1,
    1,
    1,
    2,
    1,
    1,
    1,
    0,
    0,
    2,
    1,
    0,
    0,
    0,
    0,
    0,
    0,
    0,
    0,
    1,
    0,
    0,
    0,
    1,
    1,
    0,
    2,
    1,
    2,
    2,
    1,
    0,
    0,
    1,
    1,
    2,
    0,
    0,
    1,
    1,
    1,
    1,
    2,
    0,
    1,
    0,
    2,
    2,
    0,
    1,
    0,
    0,
    2,
    1
  ]
}