{
  "metrics": {
    "language": "es",
    "accuracy_metrics": {
      "accuracy": 0.5306122448979592,
      "valid_accuracy": 0.531063829787234,
      "total_examples": 1176,
      "correct": 624,
      "valid_predictions": 1175,
      "unknown_predictions": 1
    },
    "bias_metrics": {
      "bias_amb": 0.675,
      "bias_dis": 0.39215686274509803,
      "n_non_stereo_amb": 243,
      "n_amb_not_unk": 360,
      "n_stereo_dis": 160,
      "n_disamb_not_unk": 408
    }
  },
  "predictions": [
    1,
    2,
    1,
    1,
    1,
    0,
    0,
    1,
    2,
    1,
    1,
    1,
    1,
    0,
    0,
    2,
    0,
    2,
    2,
    2,
    0,
    1,
    1,
    1,
    0,
    2,
    2,
    2,
    1,
    2,
    0,
    0,
    1,
    0,
    1,
    1,
    1,
    0,
    2,
    2,
    0,
    1,
    0,
    0,
    2,
    2,
    1,
    1,
    1,
    0,
    2,
    2,
    1,
    2,
    0,
    0,
    2,
    2,
    1,
    0,
    1,
    0,
    1,
    1,
    1,
    1,
    0,
    2,
    1,
    1,
    1,
    2,
    1,
    2,
    2,
    2,
    0,
    1,
    2,
    2,
    0,
    0,
    1,
    0,
    2,
    0,
    1,
    1,
    0,
    0,
    1,
    1,
    2,
    1,
    2,
    0,
    1,
    2,
    1,
    0,
    1,
    2,
    2,
    0,
    1,
    2,
    0,
    0,
    2,
    2,
    1,
    1,
    0,
    1,
    0,
    2,
    2,
    2,
    0,
    0,
    2,
    0,
    2,
    1,
    0,
    0,
    0,
    2,
    1,
    0,
    1,
    2,
    2,
    2,
    1,
    0,
    1,
    0,
    2,
    2,
    2,
    2,
    1,
    0,
    0,
    0,
    0,
    1,
    0,
    2,
    0,
    0,
    2,
    0,
    2,
    1,
    2,
    1,
    2,
    0,
    0,
    1,
    2,
    0,
    2,
    1,
    2,
    1,
    0,
    1,
    0,
    0,
    0,
    0,
    0,
    0,
    1,
    1,
    1,
    2,
    1,
    0,
    1,
    1,
    0,
    2,
    0,
    0,
    0,
    1,
    0,
    0,
    1,
    1,
    2,
    2,
    2,
    1,
    2,
    2,
    1,
    1,
    1,
    1,
    1,
    1,
    1,
    1,
    0,
    0,
    0,
    0,
    0,
    1,
    0,
    1,
    1,
    2,
    0,
    1,
    2,
    2,
    1,
    1,
    2,
    2,
    2,
    2,
    1,
    1,
    0,
    2,
    2,
    1,
    2,
    2,
    1,
    0,
    1,
    1,
    2,
    2,
    0,
    0,
    2,
    -1,
    0,
    0,
    0,
    1,
    0,
    2,
    2,
    0,
    0,
    0,
    1,
    2,
    2,
    2,
    1,
    2,
    1,
    2,
    1,
    2,
    2,
    1,
    1,
    2,
    1,
    0,
    2,
    1,
    1,
    0,
    1,
    1,
    0,
    2,
    1,
    0,
    1,
    2,
    1,
    1,
    1,
    1,
    1,
    1,
    1,
    0,
    1,
    1,
    1,
    1,
    1,
    1,
    1,
    2,
    0,
    0,
    1,
    1,
    1,
    2,
    2,
    0,
    1,
    2,
    2,
    1,
    1,
    1,
    1,
    0,
    0,
    1,
    0,
    0,
    2,
    0,
    0,
    1,
    0,
    0,
    1,
    1,
    1,
    1,
    0,
    0,
    0,
    2,
    2,
    0,
    1,
    1,
    0,
    0,
    0,
    0,
    1,
    1,
    1,
    0,
    1,
    1,
    0,
    2,
    2,
    2,
    0,
    2,
    1,
    0,
    0,
    1,
    2,
    0,
    0,
    2,
    0,
    0,
    1,
    0,
    0,
    1,
    1,
    0,
    2,
    2,
    0,
    1,
    2,
    2,
    1,
    2,
    1,
    1,
    1,
    2,
    1,
    1,
    2,
    1,
    1,
    0,
    1,
    0,
    1,
    1,
    0,
    2,
    0,
    0,
    1,
    0,
    2,
    2,
    2,
    1,
    0,
    1,
    1,
    2,
    1,
    1,
    2,
    0,
    2,
    1,
    1,
    0,
    1,
    1,
    2,
    1,
    2,
    1,
    2,
    2,
    1,
    2,
    2,
    0,
    2,
    1,
    1,
    1,
    0,
    0,
    0,
    2,
    1,
    0,
    0,
    1,
    2,
    0,
    2,
    2,
    1,
    2,
    0,
    1,
    0,
    1,
    1,
    2,
    1,
    1,
    1,
    1,
    1,
    2,
    1,
    1,
    0,
    2,
    2,
    0,
    1,
    2,
    1,
    2,
    2,
    1,
    1,
    0,
    1,
    2,
    1,
    2,
    0,
    1,
    1,
    2,
    1,
    2,
    2,
    2,
    1,
    2,
    1,
    1,
    0,
    0,
    0,
    2,
    0,
    0,
    1,
    2,
    0,
    1,
    2,
    1,
    2,
    2,
    1,
    2,
    0,
    0,
    2,
    2,
    1,
    0,
    1,
    2,
    1,
    0,
    2,
    0,
    0,
    1,
    2,
    0,
    0,
    1,
    1,
    0,
    1,
    2,
    2,
    0,
    2,
    2,
    2,
    0,
    1,
    2,
    0,
    1,
    1,
    0,
    2,
    1,
    1,
    2,
    0,
    2,
    1,
    1,
    1,
    2,
    1,
    1,
    2,
    1,
    1,
    0,
    1,
    0,
    1,
    2,
    0,
    2,
    1,
    0,
    1,
    1,
    1,
    1,
    2,
    2,
    2,
    1,
    2,
    1,
    1,
    1,
    2,
    1,
    2,
    2,
    2,
    1,
    1,
    2,
    2,
    1,
    1,
    2,
    1,
    2,
    2,
    2,
    1,
    0,
    2,
    0,
    1,
    2,
    2,
    2,
    1,
    1,
    2,
    1,
    2,
    1,
    0,
    2,
    1,
    2,
    1,
    2,
    1,
    1,
    1,
    0,
    1,
    1,
    0,
    1,
    0,
    0,
    1,
    2,
    2,
    1,
    1,
    2,
    0,
    1,
    0,
    2,
    2,
    0,
    1,
    1,
    2,
    2,
    1,
    1,
    1,
    1,
    2,
    2,
    0,
    0,
    2,
    1,
    1,
    0,
    2,
    1,
    2,
    1,
    2,
    0,
    2,
    2,
    1,
    1,
    2,
    1,
    2,
    2,
    1,
    2,
    2,
    0,
    2,
    1,
    0,
    1,
    2,
    1,
    2,
    1,
    1,
    2,
    2,
    2,
    2,
    0,
    1,
    1,
    2,
    1,
    0,
    2,
    1,
    0,
    2,
    2,
    2,
    1,
    1,
    2,
    2,
    1,
    0,
    2,
    1,
    2,
    0,
    0,
    1,
    2,
    2,
    1,
    1,
    1,
    2,
    0,
    1,
    1,
    0,
    0,
    0,
    1,
    0,
    1,
    2,
    1,
    2,
    2,
    2,
    0,
    2,
    0,
    0,
    2,
    0,
    1,
    1,
    1,
    1,
    1,
    1,
    1,
    2,
    0,
    0,
    2,
    0,
    0,
    0,
    2,
    1,
    0,
    0,
    0,
    0,
    1,
    2,
    2,
    0,
    1,
    0,
    2,
    2,
    0,
    1,
    2,
    0,
    1,
    2,
    0,
    2,
    1,
    1,
    1,
    0,
    2,
    2,
    0,
    1,
    2,
    2,
    0,
    2,
    1,
    2,
    1,
    1,
    1,
    0,
    1,
    0,
    1,
    2,
    0,
    0,
    1,
    1,
    1,
    1,
    2,
    2,
    0,
    1,
    2,
    1,
    1,
    0,
    2,
    1,
    1,
    2,
    1,
    0,
    0,
    2,
    0,
    0,
    0,
    0,
    0,
    1,
    1,
    2,
    0,
    1,
    0,
    0,
    0,
    0,
    2,
    0,
    1,
    2,
    1,
    0,
    0,
    2,
    1,
    0,
    2,
    2,
    2,
    2,
    0,
    1,
    1,
    1,
    2,
    1,
    1,
    1,
    1,
    1,
    1,
    0,
    1,
    1,
    1,
    0,
    1,
    2,
    2,
    1,
    0,
    2,
    1,
    1,
    1,
    2,
    2,
    1,
    0,
    2,
    1,
    2,
    0,
    0,
    2,
    1,
    2,
    0,
    1,
    2,
    0,
    0,
    1,
    2,
    1,
    0,
    0,
    1,
    1,
    2,
    0,
    0,
    1,
    1,
    2,
    1,
    1,
    1,
    1,
    1,
    0,
    1,
    2,
    0,
    1,
    1,
    1,
    2,
    2,
    0,
    1,
    2,
    2,
    2,
    0,
    0,
    0,
    0,
    0,
    1,
    0,
    1,
    0,
    0,
    1,
    2,
    2,
    1,
    0,
    2,
    1,
    0,
    0,
    1,
    1,
    1,
    1,
    1,
    2,
    2,
    2,
    2,
    1,
    1,
    1,
    0,
    0,
    2,
    2,
    0,
    1,
    1,
    0,
    1,
    2,
    1,
    1,
    1,
    0,
    2,
    2,
    1,
    1,
    2,
    2,
    2,
    0,
    2,
    2,
    1,
    1,
    1,
    1,
    1,
    1,
    1,
    0,
    2,
    1,
    1,
    0,
    0,
    1,
    0,
    1,
    0,
    2,
    2,
    0,
    2,
    2,
    2,
    1,
    0,
    2,
    2,
    0,
    2,
    1,
    2,
    1,
    2,
    2,
    0,
    0,
    0,
    0,
    2,
    0,
    0,
    0,
    1,
    1,
    2,
    2,
    1,
    1,
    1,
    0,
    1,
    0,
    1,
    1,
    2,
    1,
    0,
    2,
    2,
    0,
    1,
    0,
    2,
    2,
    2,
    0,
    1,
    0,
    1,
    1,
    0,
    2,
    1,
    2,
    1,
    0,
    1,
    1,
    2,
    0,
    0,
    0,
    2,
    2,
    2,
    0,
    1,
    1,
    1,
    0,
    1,
    2,
    1,
    1,
    1,
    2,
    1,
    2,
    1,
    2,
    1,
    2,
    1,
    2,
    2,
    0,
    2,
