{
  "metrics": {
    "language": "tr",
    "accuracy_metrics": {
      "accuracy": 0.3465909090909091,
      "valid_accuracy": 0.34724857685009486,
      "total_examples": 528,
      "correct": 183,
      "valid_predictions": 527,
      "unknown_predictions": 1
    },
    "bias_metrics": {
      "bias_amb": 0.689873417721519,
      "bias_dis": 0.4486486486486487,
      "n_non_stereo_amb": 109,
      "n_amb_not_unk": 158,
      "n_stereo_dis": 83,
      "n_disamb_not_unk": 185
    }
  },
  "predictions": [
    0,
    2,
    0,
    1,
    0,
    0,
    1,
    0,
    1,
    2,
    1,
    1,
    2,
    2,
    1,
    1,
    2,
    2,
    2,
    0,
    0,
    0,
    1,
    0,
    1,
    1,
    2,
    0,
    2,
    0,
    2,
    0,
    2,
    2,
    2,
    0,
    1,
    1,
    2,
    2,
    1,
    0,
    1,
    0,
    1,
    1,
    1,
    1,
    1,
    2,
    1,
    2,
    0,
    0,
    2,
    0,
    2,
    2,
    2,
    2,
    2,
    0,
    2,
    2,
    1,
    1,
    2,
    2,
    1,
    0,
    0,
    2,
    2,
    2,
    1,
    2,
    2,
    1,
    1,
    2,
    0,
    2,
    0,
    0,
    0,
    0,
    2,
    2,
    2,
    0,
    2,
    1,
    1,
    2,
    1,
    0,
    1,
    2,
    2,
    0,
    0,
    0,
    2,
    1,
    1,
    1,
    1,
    1,
    0,
    1,
    0,
    1,
    2,
    2,
    1,
    1,
    1,
    1,
    2,
    0,
    2,
    0,
    1,
    1,
    0,
    0,
    1,
    2,
    0,
    2,
    1,
    1,
    2,
    2,
    2,
    2,
    2,
    1,
    1,
    0,
    2,
    2,
    2,
    2,
    0,
    2,
    0,
    2,
    1,
    0,
    2,
    1,
    2,
    2,
    1,
    2,
    1,
    1,
    1,
    1,
    2,
    1,
    1,
    0,
    2,
    2,
    2,
    1,
    2,
    1,
    0,
    1,
    2,
    2,
    1,
    2,
    2,
    2,
    2,
    0,
    1,
    0,
    2,
    2,
    2,
    0,
    0,
    2,
    2,
    2,
    2,
    1,
    1,
    1,
    1,
    0,
    1,
    0,
    1,
    0,
    1,
    0,
    2,
    2,
    2,
    0,
    2,
    2,
    2,
    2,
    1,
    2,
    1,
    1,
    1,
    2,
    2,
    1,
    0,
    1,
    1,
    0,
    2,
    1,
    2,
    1,
    1,
    1,
    1,
    0,
    0,
    0,
    1,
    2,
    0,
    1,
    0,
    2,
    0,
    2,
    1,
    2,
    2,
    1,
    1,
    1,
    2,
    2,
    1,
    2,
    1,
    2,
    2,
    1,
    1,
    2,
    1,
    1,
    2,
    1,
    1,
    2,
    0,
    1,
    1,
    2,
    1,
    0,
    1,
    0,
    0,
    0,
    1,
    1,
    2,
    1,
    0,
    2,
    1,
    2,
    0,
    2,
    0,
    0,
    2,
    0,
    2,
    0,
    0,
    0,
    0,
    0,
    0,
    2,
    0,
    2,
    0,
    0,
    1,
    2,
    2,
    1,
    0,
    0,
    1,
    2,
    0,
    2,
    0,
    0,
    1,
    1,
    1,
    2,
    1,
    0,
    1,
    0,
    2,
    1,
    1,
    2,
    1,
    2,
    2,
    2,
    2,
    1,
    1,
    1,
    2,
    0,
    2,
    2,
    0,
    0,
    1,
    2,
    1,
    1,
    2,
    2,
    0,
    2,
    1,
    1,
    0,
    1,
    1,
    1,
    1,
    0,
    1,
    2,
    0,
    1,
    0,
    1,
    1,
    0,
    1,
    1,
    1,
    2,
    1,
    2,
    0,
    2,
    0,
    2,
    1,
    0,
    1,
    2,
    0,
    2,
    1,
    0,
    1,
    2,
    0,
    2,
    2,
    2,
    1,
    1,
    2,
    1,
    1,
    0,
    1,
    1,
    0,
    2,
    0,
    2,
    1,
    2,
    0,
    2,
    0,
    2,
    1,
    2,
    0,
    2,
    1,
    0,
    0,
    0,
    1,
    2,
    2,
    0,
    1,
    2,
    2,
    2,
    0,
    1,
    2,
    0,
    0,
    1,
    2,
    1,
    2,
    1,
    2,
    2,
    2,
    2,
    0,
    1,
    2,
    1,
    1,
    2,
    2,
    2,
    0,
    1,
    1,
    1,
    2,
    1,
    2,
    0,
    1,
    1,
    2,
    2,
    2,
    2,
    2,
    0,
    1,
    0,
    1,
    0,
    0,
    2,
    0,
    1,
    1,
    2,
    1,
    2,
    0,
    0,
    0,
    2,
    1,
    1,
    2,
    1,
    1,
    0,
    1,
    1,
    0,
    2,
    2,
    2,
    1,
    1,
    1,
    1,
    1,
    2,
    2,
    0,
    2,
    1,
    0,
    2,
    2,
    2,
    0,
    0,
    1,
    1,
    1,
    1,
    0,
    2,
    1,
    1,
    0,
    2,
    0,
    1,
    2,
    2,
    0,
    2,
    0,
    0,
    0,
    0,
    2,
    2,
    0,
    1,
    -1,
    2,
    1,
    2
  ]
}