{
  "metrics": {
    "language": "es",
    "accuracy_metrics": {
      "accuracy": 0.6377551020408163,
      "valid_accuracy": 0.6377551020408163,
      "total_examples": 1176,
      "correct": 750,
      "valid_predictions": 1176,
      "unknown_predictions": 0
    },
    "bias_metrics": {
      "bias_amb": 0.6382978723404256,
      "bias_dis": 0.4025,
      "n_non_stereo_amb": 240,
      "n_amb_not_unk": 376,
      "n_stereo_dis": 161,
      "n_disamb_not_unk": 400
    }
  },
  "predictions": [
    0,
    2,
    2,
    2,
    0,
    0,
    0,
    0,
    2,
    0,
    0,
    2,
    0,
    0,
    1,
    2,
    2,
    1,
    2,
    2,
    0,
    0,
    1,
    2,
    1,
    0,
    1,
    1,
    0,
    0,
    2,
    1,
    1,
    0,
    1,
    0,
    1,
    0,
    1,
    1,
    2,
    1,
    1,
    0,
    2,
    2,
    2,
    2,
    0,
    1,
    2,
    1,
    1,
    2,
    0,
    2,
    1,
    0,
    1,
    2,
    1,
    1,
    2,
    0,
    1,
    1,
    1,
    0,
    2,
    1,
    2,
    2,
    0,
    2,
    1,
    1,
    1,
    1,
    1,
    2,
    2,
    1,
    1,
    0,
    0,
    0,
    2,
    2,
    2,
    2,
    0,
    1,
    0,
    2,
    0,
    1,
    1,
    0,
    1,
    2,
    1,
    1,
    2,
    0,
    1,
    1,
    1,
    2,
    2,
    1,
    0,
    1,
    0,
    0,
    1,
    2,
    2,
    0,
    0,
    2,
    1,
    1,
    1,
    0,
    2,
    1,
    1,
    0,
    0,
    2,
    1,
    0,
    1,
    1,
    1,
    0,
    1,
    0,
    0,
    2,
    1,
    1,
    2,
    0,
    1,
    2,
    1,
    1,
    0,
    1,
    0,
    0,
    2,
    1,
    2,
    2,
    2,
    0,
    2,
    2,
    2,
    1,
    2,
    2,
    0,
    1,
    0,
    0,
    0,
    2,
    0,
    0,
    0,
    2,
    0,
    0,
    1,
    2,
    1,
    1,
    2,
    0,
    2,
    2,
    1,
    2,
    1,
    1,
    1,
    1,
    1,
    1,
    1,
    0,
    1,
    1,
    0,
    1,
    0,
    0,
    1,
    2,
    1,
    1,
    1,
    0,
    2,
    1,
    1,
    2,
    1,
    1,
    1,
    0,
    1,
    2,
    2,
    1,
    2,
    2,
    0,
    1,
    2,
    1,
    1,
    0,
    1,
    1,
    1,
    0,
    0,
    1,
    1,
    2,
    1,
    1,
    0,
    2,
    0,
    2,
    2,
    2,
    0,
    1,
    2,
    1,
    2,
    2,
    1,
    1,
    1,
    0,
    0,
    0,
    1,
    2,
    2,
    1,
    2,
    2,
    0,
    0,
    2,
    1,
    2,
    2,
    1,
    0,
    1,
    0,
    1,
    1,
    1,
    2,
    0,
    1,
    1,
    2,
    0,
    1,
    0,
    1,
    1,
    0,
    2,
    1,
    0,
    2,
    1,
    0,
    1,
    2,
    2,
    0,
    2,
    1,
    0,
    1,
    0,
    2,
    2,
    0,
    2,
    1,
    1,
    2,
    1,
    0,
    1,
    0,
    1,
    2,
    1,
    2,
    1,
    0,
    2,
    0,
    2,
    1,
    2,
    1,
    1,
    0,
    1,
    2,
    0,
    1,
    2,
    1,
    0,
    2,
    2,
    1,
    1,
    0,
    1,
    1,
    2,
    0,
    2,
    2,
    1,
    0,
    1,
    0,
    1,
    2,
    1,
    0,
    2,
    0,
    1,
    0,
    1,
    2,
    1,
    2,
    2,
    1,
    2,
    0,
    2,
    1,
    1,
    1,
    0,
    2,
    1,
    2,
    0,
    2,
    2,
    1,
    2,
    2,
    0,
    0,
    2,
    1,
    2,
    0,
    1,
    2,
    1,
    0,
    2,
    1,
    1,
    0,
    1,
    2,
    2,
    1,
    2,
    0,
    0,
    1,
    0,
    2,
    2,
    1,
    2,
    0,
    0,
    1,
    0,
    2,
    0,
    0,
    2,
    1,
    1,
    2,
    0,
    0,
    1,
    1,
    2,
    2,
    1,
    1,
    0,
    2,
    2,
    1,
    2,
    0,
    0,
    1,
    0,
    2,
    1,
    0,
    2,
    2,
    1,
    0,
    1,
    2,
    2,
    0,
    2,
    1,
    1,
    2,
    1,
    2,
    0,
    2,
    0,
    1,
    2,
    0,
    2,
    1,
    0,
    1,
    1,
    0,
    2,
    2,
    1,
    0,
    2,
    0,
    2,
    1,
    2,
    0,
    1,
    2,
    1,
    1,
    0,
    2,
    2,
    1,
    2,
    2,
    0,
    1,
    0,
    2,
    1,
    2,
    1,
    1,
    1,
    0,
    1,
    0,
    2,
    0,
    2,
    1,
    2,
    1,
    2,
    0,
    2,
    1,
    2,
    0,
    2,
    1,
    2,
    0,
    1,
    0,
    1,
    2,
    1,
    0,
    1,
    2,
    1,
    1,
    2,
    0,
    0,
    2,
    2,
    1,
    2,
    1,
    2,
    0,
    1,
    2,
    1,
    1,
    1,
    1,
    2,
    0,
    0,
    0,
    2,
    1,
    2,
    1,
    0,
    0,
    1,
    0,
    1,
    0,
    1,
    1,
    2,
    2,
    0,
    1,
    0,
    2,
    2,
    1,
    0,
    1,
    2,
    2,
    1,
    1,
    0,
    2,
    1,
    1,
    0,
    1,
    1,
    1,
    1,
    0,
    2,
    2,
    0,
    1,
    1,
    0,
    1,
    1,
    2,
    1,
    1,
    1,
    0,
    2,
    1,
    0,
    1,
    0,
    2,
    0,
    2,
    1,
    0,
    1,
    2,
    0,
    2,
    1,
    1,
    0,
    1,
    1,
    0,
    0,
    1,
    2,
    0,
    0,
    1,
    0,
    1,
    2,
    0,
    2,
    2,
    1,
    1,
    2,
    1,
    1,
    0,
    1,
    1,
    2,
    0,
    1,
    1,
    0,
    1,
    0,
    0,
    2,
    1,
    2,
    2,
    2,
    2,
    0,
    1,
    1,
    1,
    0,
    0,
    1,
    2,
    1,
    1,
    0,
    1,
    2,
    1,
    0,
    0,
    2,
    0,
    1,
    2,
    1,
    2,
    0,
    1,
    2,
    0,
    1,
    2,
    2,
    1,
    1,
    1,
    2,
    2,
    2,
    2,
    2,
    1,
    0,
    1,
    1,
    1,
    1,
    0,
    1,
    0,
    1,
    1,
    0,
    0,
    2,
    1,
    0,
    0,
    1,
    1,
    0,
    2,
    1,
    1,
    2,
    2,
    0,
    1,
    2,
    1,
    0,
    0,
    0,
    1,
    2,
    0,
    0,
    2,
    1,
    1,
    0,
    1,
    2,
    1,
    0,
    1,
    2,
    1,
    2,
    2,
    1,
    1,
    2,
    1,
    1,
    0,
    1,
    2,
    0,
    2,
    1,
    1,
    0,
    1,
    2,
    1,
    0,
    2,
    0,
    2,
    1,
    1,
    2,
    1,
    0,
    2,
    0,
    0,
    2,
    1,
    0,
    0,
    2,
    2,
    0,
    1,
    1,
    0,
    1,
    1,
    2,
    0,
    1,
    1,
    2,
    2,
    1,
    0,
    1,
    1,
    2,
    1,
    1,
    1,
    2,
    1,
    0,
    0,
    1,
    2,
    2,
    0,
    0,
    2,
    0,
    1,
    0,
    1,
    1,
    1,
    2,
    2,
    0,
    1,
    0,
    1,
    2,
    0,
    1,
    1,
    2,
    1,
    0,
    1,
    1,
    1,
    0,
    1,
    1,
    1,
    1,
    1,
    2,
    2,
    0,
    0,
    1,
    2,
    1,
    1,
    0,
    1,
    0,
    1,
    2,
    2,
    1,
    2,
    1,
    1,
    1,
    2,
    1,
    0,
    1,
    0,
    0,
    1,
    2,
    0,
    1,
    1,
    2,
    1,
    1,
    0,
    1,
    0,
    1,
    1,
    2,
    1,
    1,
    1,
    1,
    0,
    1,
    2,
    0,
    2,
    1,
    1,
    0,
    1,
    1,
    0,
    0,
    1,
    0,
    1,
    0,
    2,
    1,
    2,
    2,
    1,
    0,
    0,
    2,
    2,
    2,
    1,
    0,
    1,
    1,
    2,
    2,
    0,
    2,
    1,
    2,
    0,
    2,
    0,
    2,
    1,
    1,
    0,
    0,
    1,
    1,
    1,
    2,
    2,
    1,
    1,
    1,
    1,
    0,
    0,
    2,
    1,
    1,
    1,
    1,
    0,
    1,
    1,
    1,
    0,
    0,
    2,
    0,
    0,
    2,
    1,
    2,
    2,
    0,
    2,
    0,
    0,
    1,
    0,
    1,
    1,
    1,
    1,
    1,
    0,
    2,
    1,
    0,
    2,
    1,
    2,
    1,
    0,
    1,
    1,
    1,
    1,
    1,
    2,
    2,
    2,
    1,
    1,
    1,
    2,
    1,
    2,
    2,
    0,
    2,
    1,
    2,
    2,
    0,
    0,
    2,
    2,
    1,
    2,
    2,
    1,
    0,
    0,
    0,
    2,
    1,
    0,
    2,
    0,
    0,
    0,
    1,
    2,
    0,
    0,
    2,
    1,
    1,
    1,
    0,
    0,
    0,
    1,
    1,
    1,
    1,
    1,
    1,
    1,
    2,
    2,
    1,
    0,
    1,
    0,
    1,
    1,
    2,
    1,
    0,
    2,
    1,
    1,
    1,
    1,
    1,
    1,
    0,
    2,
    2,
    2,
    0,
    0,
    2,
    2,
    1,
    1,
    0,
    1,
    1,
    2,
    0,
    1,
    1,
    0,
    0,
    1,
    2,
    2,
    1,
    1,
    1,
    0,
    0,
    2,
    1,
    0,
    2,
    0,
    2,
    0,
    1,
    1,
    1,
    1,
    2,
    1,
    1,
    1,
