{
  "metrics": {
    "language": "tr",
    "accuracy_metrics": {
      "accuracy": 0.375,
      "valid_accuracy": 0.375,
      "total_examples": 544,
      "correct": 204,
      "valid_predictions": 544,
      "unknown_predictions": 0
    },
    "bias_metrics": {
      "bias_amb": 0.6935483870967742,
      "bias_dis": 0.4301675977653631,
      "n_non_stereo_amb": 129,
      "n_amb_not_unk": 186,
      "n_stereo_dis": 77,
      "n_disamb_not_unk": 179
    }
  },
  "predictions": [
    0,
    2,
    2,
    1,
    1,
    2,
    1,
    1,
    1,
    1,
    1,
    1,
    1,
    2,
    1,
    2,
    2,
    0,
    2,
    2,
    1,
    2,
    1,
    0,
    1,
    1,
    2,
    0,
    2,
    2,
    2,
    2,
    2,
    0,
    0,
    0,
    2,
    0,
    2,
    1,
    0,
    2,
    2,
    0,
    2,
    0,
    2,
    0,
    1,
    1,
    2,
    0,
    2,
    2,
    0,
    2,
    1,
    2,
    1,
    1,
    1,
    2,
    1,
    1,
    1,
    0,
    0,
    2,
    2,
    1,
    1,
    2,
    0,
    2,
    0,
    0,
    1,
    2,
    0,
    1,
    0,
    1,
    1,
    2,
    2,
    2,
    2,
    1,
    1,
    0,
    0,
    1,
    2,
    0,
    2,
    2,
    0,
    0,
    0,
    1,
    2,
    2,
    0,
    2,
    1,
    0,
    0,
    1,
    1,
    0,
    0,
    2,
    1,
    1,
    0,
    0,
    2,
    1,
    1,
    1,
    1,
    1,
    1,
    1,
    2,
    2,
    0,
    2,
    1,
    2,
    0,
    1,
    0,
    2,
    0,
    2,
    2,
    2,
    2,
    1,
    0,
    0,
    0,
    2,
    0,
    2,
    1,
    1,
    2,
    0,
    2,
    2,
    1,
    1,
    1,
    0,
    0,
    0,
    2,
    2,
    2,
    2,
    2,
    2,
    0,
    2,
    1,
    2,
    1,
    2,
    2,
    0,
    1,
    1,
    2,
    2,
    1,
    1,
    1,
    1,
    2,
    0,
    0,
    0,
    0,
    2,
    2,
    2,
    2,
    1,
    2,
    2,
    2,
    0,
    2,
    2,
    1,
    0,
    0,
    2,
    2,
    2,
    0,
    1,
    2,
    2,
    1,
    1,
    0,
    0,
    1,
    0,
    1,
    2,
    2,
    1,
    2,
    2,
    1,
    2,
    1,
    0,
    2,
    2,
    0,
    2,
    1,
    1,
    0,
    2,
    2,
    2,
    2,
    2,
    0,
    0,
    0,
    2,
    2,
    2,
    1,
    1,
    0,
    2,
    2,
    2,
    2,
    0,
    2,
    1,
    2,
    1,
    2,
    1,
    1,
    1,
    0,
    1,
    2,
    2,
    1,
    2,
    0,
    2,
    1,
    0,
    1,
    2,
    1,
    1,
    0,
    0,
    2,
    1,
    2,
    2,
    2,
    0,
    1,
    2,
    1,
    2,
    2,
    2,
    2,
    0,
    0,
    2,
    0,
    1,
    2,
    0,
    0,
    2,
    2,
    2,
    0,
    1,
    2,
    1,
    0,
    0,
    0,
    0,
    2,
    1,
    0,
    1,
    2,
    1,
    1,
    1,
    0,
    2,
    0,
    0,
    0,
    1,
    1,
    2,
    2,
    0,
    1,
    1,
    1,
    2,
    0,
    0,
    0,
    2,
    2,
    2,
    0,
    0,
    1,
    1,
    0,
    2,
    2,
    2,
    2,
    2,
    1,
    1,
    1,
    1,
    1,
    1,
    0,
    0,
    2,
    2,
    1,
    2,
    1,
    0,
    1,
    0,
    2,
    2,
    2,
    1,
    2,
    2,
    2,
    0,
    2,
    2,
    1,
    2,
    0,
    0,
    2,
    0,
    2,
    2,
    0,
    1,
    2,
    2,
    2,
    0,
    2,
    0,
    1,
    1,
    2,
    0,
    0,
    2,
    1,
    0,
    2,
    0,
    1,
    2,
    0,
    1,
    2,
    2,
    0,
    0,
    0,
    2,
    2,
    0,
    1,
    1,
    2,
    1,
    0,
    1,
    0,
    1,
    0,
    0,
    2,
    1,
    2,
    0,
    0,
    0,
    1,
    1,
    2,
    2,
    0,
    1,
    1,
    1,
    1,
    1,
    1,
    1,
    0,
    0,
    1,
    2,
    0,
    1,
    1,
    1,
    0,
    2,
    1,
    1,
    1,
    2,
    2,
    0,
    2,
    0,
    1,
    1,
    0,
    2,
    1,
    1,
    1,
    2,
    0,
    1,
    0,
    0,
    0,
    1,
    1,
    0,
    1,
    0,
    2,
    1,
    0,
    1,
    1,
    0,
    0,
    2,
    1,
    1,
    2,
    0,
    1,
    0,
    1,
    2,
    0,
    0,
    1,
    1,
    1,
    1,
    0,
    2,
    1,
    2,
    1,
    2,
    2,
    0,
    1,
    1,
    1,
    2,
    0,
    2,
    1,
    1,
    2,
    1,
    2,
    2,
    2,
    1,
    1,
    2,
    1,
    1,
    2,
    1,
    0,
    2,
    1,
    0,
    2,
    0,
    2,
    0,
    1,
    1,
    1,
    1,
    0,
    0,
    1,
    0,
    0,
    2,
    1,
    1,
    0,
    2,
    0,
    0
  ]
}