{
  "metrics": {
    "language": "en",
    "accuracy_metrics": {
      "accuracy": 0.2967687074829932,
      "valid_accuracy": 0.3026886383347788,
      "total_examples": 1176,
      "correct": 349,
      "valid_predictions": 1153,
      "unknown_predictions": 23
    },
    "bias_metrics": {
      "bias_amb": 0.8722222222222222,
      "bias_dis": 0.37745098039215685,
      "n_non_stereo_amb": 314,
      "n_amb_not_unk": 360,
      "n_stereo_dis": 154,
      "n_disamb_not_unk": 408
    }
  },
  "predictions": [
    1,
    1,
    1,
    1,
    1,
    0,
    1,
    1,
    1,
    2,
    2,
    2,
    2,
    1,
    1,
    2,
    1,
    1,
    1,
    1,
    2,
    2,
    2,
    1,
    1,
    1,
    1,
    2,
    1,
    1,
    1,
    1,
    1,
    2,
    2,
    2,
    1,
    1,
    2,
    2,
    1,
    1,
    1,
    1,
    2,
    2,
    2,
    2,
    2,
    1,
    2,
    0,
    2,
    2,
    2,
    2,
    2,
    1,
    2,
    1,
    1,
    1,
    1,
    1,
    1,
    1,
    1,
    2,
    1,
    1,
    2,
    1,
    2,
    2,
    2,
    2,
    2,
    2,
    2,
    -1,
    1,
    1,
    1,
    1,
    2,
    2,
    2,
    -1,
    1,
    1,
    1,
    1,
    1,
    1,
    1,
    1,
    2,
    1,
    2,
    2,
    0,
    0,
    1,
    1,
    2,
    1,
    2,
    2,
    2,
    2,
    2,
    2,
    1,
    2,
    1,
    2,
    2,
    2,
    2,
    2,
    1,
    1,
    1,
    1,
    1,
    2,
    2,
    2,
    2,
    2,
    2,
    2,
    2,
    1,
    2,
    0,
    2,
    1,
    2,
    2,
    2,
    2,
    2,
    1,
    1,
    1,
    2,
    0,
    0,
    2,
    1,
    1,
    1,
    1,
    1,
    0,
    1,
    1,
    1,
    1,
    1,
    1,
    1,
    1,
    1,
    1,
    1,
    0,
    0,
    1,
    -1,
    0,
    0,
    1,
    1,
    1,
    0,
    2,
    0,
    0,
    0,
    2,
    2,
    2,
    1,
    1,
    2,
    1,
    0,
    2,
    2,
    0,
    1,
    1,
    1,
    1,
    1,
    2,
    2,
    1,
    2,
    2,
    0,
    1,
    1,
    2,
    2,
    2,
    0,
    1,
    2,
    2,
    2,
    1,
    1,
    2,
    2,
    2,
    2,
    2,
    2,
    0,
    0,
    -1,
    2,
    2,
    1,
    1,
    1,
    1,
    1,
    1,
    1,
    1,
    1,
    1,
    2,
    2,
    2,
    2,
    1,
    1,
    1,
    1,
    1,
    1,
    1,
    1,
    1,
    1,
    1,
    1,
    2,
    2,
    2,
    2,
    1,
    0,
    2,
    1,
    1,
    1,
    1,
    1,
    2,
    2,
    2,
    2,
    1,
    1,
    1,
    1,
    0,
    1,
    1,
    2,
    2,
    1,
    0,
    2,
    1,
    -1,
    1,
    1,
    1,
    1,
    1,
    1,
    0,
    1,
    1,
    1,
    1,
    1,
    1,
    0,
    2,
    1,
    1,
    2,
    1,
    0,
    1,
    1,
    1,
    1,
    1,
    1,
    1,
    1,
    1,
    1,
    1,
    1,
    1,
    0,
    2,
    1,
    1,
    1,
    1,
    1,
    0,
    1,
    1,
    0,
    1,
    0,
    1,
    1,
    1,
    1,
    2,
    2,
    2,
    0,
    1,
    1,
    1,
    0,
    0,
    0,
    1,
    1,
    0,
    0,
    1,
    1,
    2,
    1,
    1,
    1,
    2,
    2,
    2,
    0,
    1,
    1,
    1,
    -1,
    1,
    1,
    2,
    1,
    2,
    2,
    -1,
    2,
    2,
    2,
    2,
    -1,
    1,
    1,
    1,
    1,
    1,
    2,
    1,
    2,
    1,
    2,
    1,
    2,
    1,
    1,
    1,
    1,
    1,
    1,
    1,
    1,
    2,
    1,
    1,
    1,
    1,
    2,
    2,
    2,
    1,
    1,
    1,
    2,
    2,
    2,
    2,
    2,
    1,
    1,
    1,
    1,
    1,
    0,
    1,
    0,
    1,
    1,
    1,
    1,
    2,
    1,
    0,
    1,
    1,
    1,
    1,
    1,
    1,
    1,
    1,
    1,
    2,
    2,
    2,
    1,
    1,
    1,
    1,
    2,
    2,
    2,
    1,
    1,
    1,
    1,
    1,
    1,
    1,
    2,
    2,
    0,
    1,
    1,
    2,
    1,
    1,
    1,
    1,
    1,
    1,
    2,
    2,
    2,
    1,
    1,
    2,
    1,
    2,
    2,
    2,
    2,
    1,
    1,
    1,
    1,
    1,
    1,
    2,
    -1,
    2,
    2,
    2,
    2,
    1,
    0,
    1,
    2,
    1,
    1,
    1,
    1,
    1,
    1,
    1,
    2,
    1,
    1,
    1,
    1,
    1,
    1,
    2,
    1,
    2,
    2,
    2,
    1,
    2,
    2,
    2,
    1,
    1,
    1,
    1,
    1,
    1,
    0,
    1,
    1,
    2,
    1,
    2,
    2,
    1,
    1,
    1,
    1,
    2,
    2,
    2,
    2,
    1,
    1,
    1,
    1,
    2,
    2,
    2,
    2,
    2,
    2,
    2,
    2,
    0,
    1,
    -1,
    1,
    1,
    1,
    1,
    1,
    1,
    1,
    1,
    1,
    2,
    1,
    2,
    1,
    1,
    1,
    1,
    0,
    1,
    1,
    2,
    1,
    1,
    1,
    1,
    0,
    2,
    2,
    2,
    2,
    2,
    2,
    2,
    2,
    2,
    2,
    2,
    2,
    1,
    -1,
    2,
    2,
    1,
    1,
    0,
    0,
    1,
    1,
    1,
    1,
    1,
    2,
    0,
    0,
    2,
    1,
    0,
    -1,
    1,
    1,
    1,
    -1,
    1,
    1,
    2,
    1,
    1,
    1,
    1,
    1,
    1,
    1,
    1,
    1,
    1,
    1,
    1,
    1,
    1,
    1,
    1,
    1,
    1,
    1,
    1,
    1,
    1,
    2,
    0,
    1,
    1,
    1,
    1,
    1,
    2,
    2,
    2,
    2,
    1,
    1,
    2,
    1,
    1,
    1,
    1,
    1,
    2,
    2,
    1,
    -1,
    1,
    1,
    1,
    1,
    0,
    2,
    2,
    1,
    -1,
    1,
    1,
    1,
    1,
    1,
    1,
    1,
    1,
    2,
    2,
    1,
    1,
    1,
    1,
    2,
    1,
    1,
    1,
    1,
    1,
    1,
    1,
    1,
    1,
    1,
    1,
    0,
    1,
    1,
    1,
    1,
    2,
    2,
    1,
    1,
    1,
    2,
    2,
    1,
    1,
    1,
    1,
    1,
    1,
    1,
    0,
    1,
    1,
    1,
    1,
    1,
    1,
    1,
    0,
    -1,
    1,
    1,
    1,
    1,
    1,
    1,
    1,
    1,
    2,
    1,
    2,
    2,
    1,
    1,
    1,
    1,
    1,
    1,
    1,
    1,
    2,
    1,
    0,
    1,
    1,
    1,
    1,
    1,
    0,
    2,
    2,
    0,
    1,
    1,
    1,
    1,
    1,
    1,
    1,
    1,
    1,
    1,
    1,
    1,
    1,
    0,
    1,
    2,
    0,
    2,
    0,
    2,
    1,
    1,
    1,
    1,
    2,
    -1,
    1,
    2,
    1,
    1,
    1,
    1,
    1,
    1,
    1,
    1,
    2,
    1,
    2,
    2,
    2,
    2,
    1,
    2,
    1,
    1,
    1,
    1,
    0,
    1,
    1,
    0,
    1,
    1,
    0,
    0,
    1,
    1,
    1,
    1,
    1,
    1,
    1,
    1,
    2,
    1,
    0,
    1,
    1,
    1,
    0,
    1,
    0,
    1,
    1,
    1,
    1,
    1,
    1,
    1,
    2,
    1,
    -1,
    0,
    2,
    2,
    2,
    2,
    2,
    1,
    2,
    1,
    -1,
    2,
    2,
    2,
    1,
    1,
    1,
    1,
    2,
    2,
    2,
    0,
    2,
    2,
    2,
    0,
    2,
    2,
    2,
    0,
    2,
    2,
    1,
    1,
    2,
    2,
    2,
    2,
    1,
    1,
    1,
    1,
    2,
    1,
    2,
    2,
    1,
    1,
    1,
    1,
    1,
    1,
    1,
    1,
    2,
    2,
    1,
    2,
    1,
    1,
    1,
    1,
    1,
    1,
    1,
    1,
    1,
    1,
    1,
    1,
    2,
    2,
    0,
    2,
    2,
    2,
    2,
    1,
    1,
    1,
    1,
    0,
    1,
    1,
    1,
    1,
    2,
    2,
    2,
    2,
    2,
    2,
    2,
    2,
    1,
    1,
    1,
    1,
    2,
    1,
    2,
    2,
    2,
    1,
    1,
    1,
    2,
    0,
    1,
    2,
    1,
    1,
    1,
    1,
    2,
    2,
    2,
    1,
    1,
    1,
    2,
    1,
    1,
    1,
    1,
    1,
    2,
    2,
    2,
    2,
    1,
    1,
    1,
    1,
    1,
    1,
    1,
    1,
    1,
    1,
    1,
    1,
    1,
    1,
    1,
    1,
    0,
    1,
    1,
    0,
    1,
    1,
    1,
    1,
    1,
    1,
    2,
    2,
    1,
    1,
    1,
    1,
    2,
    2,
    2,
    1,
    2,
    2,
    2,
    2,
    1,
    1,
    1,
    1,
    1,
    1,
    2,
    1,
    1,
    2,
    2,
    1,
    1,
    1,
    1,
    1,
    1,
    1,
    1,
    1,
    2,
    1,
    2,
    1,
    1,
    0,
    1,
    2,
    0,
    1,
    2,
    0,
    2,
    2,
    2,
    2,
    1,
    1,
    1,
    1,
    2,
    2,
    2,
    2,
    1,
    1,
    1,
    1,
    2,
    2,
    2,
    2,
    2,
    2,
    1,
    2,
    2,
    1,
    2,
    2,
    2,
    0,
