{
  "metrics": {
    "language": "en",
    "accuracy_metrics": {
      "accuracy": 0.3157894736842105,
      "valid_accuracy": 0.32,
      "total_examples": 152,
      "correct": 48,
      "valid_predictions": 150,
      "unknown_predictions": 2
    },
    "bias_metrics": {
      "bias_amb": 0.7962962962962963,
      "bias_dis": 0.40816326530612246,
      "n_non_stereo_amb": 43,
      "n_amb_not_unk": 54,
      "n_stereo_dis": 20,
      "n_disamb_not_unk": 49
    }
  },
  "predictions": [
    1,
    0,
    2,
    2,
    1,
    1,
    2,
    2,
    1,
    1,
    1,
    1,
    2,
    0,
    1,
    2,
    -1,
    2,
    1,
    2,
    1,
    0,
    1,
    1,
    2,
    0,
    1,
    1,
    1,
    1,
    1,
    1,
    2,
    2,
    2,
    2,
    1,
    1,
    1,
    1,
    2,
    2,
    1,
    2,
    1,
    1,
    1,
    1,
    1,
    1,
    1,
    1,
    1,
    1,
    1,
    1,
    1,
    1,
    1,
    1,
    0,
    1,
    1,
    1,
    1,
    1,
    1,
    1,
    1,
    1,
    1,
    1,
    1,
    1,
    1,
    1,
    1,
    1,
    1,
    1,
    1,
    1,
    1,
    1,
    2,
    2,
    2,
    0,
    2,
    1,
    2,
    2,
    2,
    2,
    1,
    2,
    2,
    2,
    2,
    2,
    2,
    2,
    1,
    -1,
    1,
    1,
    2,
    1,
    1,
    2,
    2,
    2,
    2,
    1,
    1,
    1,
    1,
    1,
    2,
    2,
    1,
    1,
    1,
    1,
    2,
    2,
    2,
    2,
    1,
    1,
    1,
    1,
    1,
    1,
    1,
    1,
    1,
    1,
    1,
    1,
    1,
    1,
    1,
    1,
    1,
    1,
    1,
    1,
    2,
    2,
    2,
    2
  ]
}