{
  "metrics": {
    "language": "nl",
    "accuracy_metrics": {
      "accuracy": 0.4608843537414966,
      "valid_accuracy": 0.4620630861040068,
      "total_examples": 1176,
      "correct": 542,
      "valid_predictions": 1173,
      "unknown_predictions": 3
    },
    "bias_metrics": {
      "bias_amb": 0.6392045454545454,
      "bias_dis": 0.42475728155339804,
      "n_non_stereo_amb": 225,
      "n_amb_not_unk": 352,
      "n_stereo_dis": 175,
      "n_disamb_not_unk": 412
    }
  },
  "predictions": [
    1,
    1,
    2,
    1,
    2,
    2,
    2,
    2,
    1,
    1,
    1,
    2,
    2,
    1,
    2,
    0,
    1,
    2,
    1,
    2,
    1,
    2,
    0,
    0,
    0,
    2,
    1,
    0,
    2,
    0,
    2,
    2,
    2,
    2,
    2,
    0,
    1,
    2,
    1,
    2,
    1,
    2,
    0,
    2,
    2,
    2,
    2,
    1,
    2,
    2,
    2,
    0,
    1,
    1,
    2,
    1,
    1,
    0,
    2,
    1,
    1,
    1,
    0,
    1,
    1,
    1,
    2,
    0,
    0,
    0,
    0,
    1,
    0,
    2,
    2,
    2,
    2,
    1,
    2,
    1,
    1,
    0,
    1,
    1,
    2,
    2,
    1,
    2,
    0,
    0,
    0,
    2,
    1,
    1,
    1,
    2,
    1,
    0,
    0,
    2,
    1,
    2,
    1,
    1,
    2,
    0,
    0,
    2,
    1,
    1,
    1,
    1,
    1,
    1,
    2,
    1,
    0,
    2,
    0,
    0,
    1,
    1,
    2,
    0,
    1,
    1,
    2,
    1,
    2,
    2,
    1,
    1,
    2,
    0,
    1,
    2,
    0,
    2,
    0,
    0,
    2,
    1,
    1,
    0,
    2,
    2,
    2,
    1,
    0,
    0,
    0,
    0,
    0,
    1,
    1,
    1,
    2,
    2,
    2,
    1,
    0,
    2,
    2,
    1,
    -1,
    0,
    2,
    2,
    1,
    0,
    2,
    2,
    1,
    2,
    0,
    0,
    2,
    0,
    1,
    2,
    0,
    2,
    1,
    2,
    2,
    1,
    2,
    0,
    0,
    2,
    1,
    2,
    2,
    2,
    0,
    0,
    1,
    2,
    1,
    0,
    0,
    2,
    2,
    2,
    2,
    2,
    1,
    2,
    0,
    1,
    1,
    2,
    0,
    1,
    1,
    0,
    2,
    2,
    1,
    1,
    1,
    1,
    0,
    2,
    1,
    2,
    2,
    2,
    1,
    0,
    2,
    2,
    2,
    2,
    2,
    2,
    1,
    1,
    1,
    2,
    2,
    1,
    1,
    1,
    0,
    2,
    2,
    0,
    1,
    2,
    0,
    1,
    0,
    0,
    2,
    2,
    0,
    0,
    1,
    1,
    1,
    1,
    1,
    1,
    0,
    2,
    2,
    0,
    2,
    0,
    1,
    1,
    0,
    1,
    2,
    2,
    1,
    0,
    1,
    2,
    0,
    0,
    0,
    2,
    2,
    2,
    2,
    1,
    2,
    2,
    1,
    2,
    2,
    1,
    0,
    0,
    2,
    1,
    2,
    1,
    1,
    1,
    2,
    1,
    1,
    2,
    1,
    2,
    1,
    2,
    1,
    2,
    0,
    1,
    0,
    2,
    2,
    2,
    1,
    2,
    2,
    0,
    1,
    2,
    2,
    1,
    0,
    2,
    0,
    0,
    1,
    1,
    1,
    2,
    0,
    0,
    2,
    2,
    0,
    2,
    2,
    2,
    1,
    0,
    0,
    1,
    1,
    0,
    1,
    2,
    1,
    0,
    0,
    0,
    2,
    0,
    0,
    2,
    1,
    1,
    2,
    2,
    2,
    1,
    2,
    0,
    2,
    2,
    0,
    0,
    0,
    2,
    2,
    0,
    1,
    2,
    0,
    0,
    2,
    0,
    1,
    1,
    0,
    0,
    1,
    0,
    2,
    2,
    0,
    0,
    2,
    1,
    2,
    2,
    0,
    2,
    1,
    2,
    2,
    0,
    1,
    2,
    0,
    1,
    1,
    0,
    1,
    0,
    2,
    0,
    2,
    0,
    1,
    2,
    0,
    2,
    0,
    2,
    0,
    2,
    0,
    2,
    0,
    1,
    1,
    2,
    2,
    0,
    2,
    0,
    2,
    1,
    2,
    1,
    1,
    0,
    1,
    2,
    1,
    2,
    1,
    0,
    0,
    2,
    2,
    0,
    1,
    1,
    2,
    0,
    0,
    1,
    0,
    2,
    1,
    1,
    1,
    0,
    0,
    0,
    0,
    1,
    2,
    0,
    1,
    0,
    1,
    2,
    1,
    0,
    1,
    2,
    0,
    2,
    0,
    1,
    0,
    2,
    0,
    2,
    0,
    0,
    1,
    1,
    0,
    0,
    0,
    2,
    2,
    0,
    1,
    1,
    0,
    2,
    2,
    1,
    1,
    0,
    1,
    2,
    0,
    2,
    2,
    1,
    2,
    0,
    2,
    2,
    1,
    1,
    0,
    0,
    0,
    1,
    2,
    0,
    2,
    2,
    0,
    0,
    1,
    0,
    2,
    1,
    1,
    2,
    2,
    0,
    0,
    1,
    1,
    1,
    1,
    2,
    1,
    0,
    1,
    2,
    2,
    1,
    2,
    1,
    2,
    2,
    2,
    0,
    1,
    1,
    0,
    1,
    2,
    2,
    0,
    2,
    1,
    1,
    2,
    0,
    2,
    0,
    0,
    2,
    2,
    0,
    1,
    1,
    0,
    2,
    0,
    2,
    2,
    1,
    2,
    1,
    1,
    2,
    -1,
    1,
    0,
    2,
    1,
    0,
    0,
    2,
    0,
    2,
    0,
    2,
    1,
    0,
    1,
    0,
    2,
    2,
    2,
    1,
    1,
    1,
    1,
    1,
    0,
    1,
    0,
    1,
    2,
    0,
    1,
    2,
    2,
    0,
    2,
    1,
    1,
    1,
    2,
    1,
    2,
    2,
    0,
    0,
    0,
    0,
    1,
    0,
    0,
    0,
    0,
    2,
    0,
    2,
    2,
    0,
    2,
    1,
    0,
    1,
    0,
    0,
    2,
    2,
    2,
    0,
    2,
    1,
    0,
    1,
    0,
    2,
    0,
    1,
    2,
    1,
    0,
    0,
    1,
    0,
    0,
    0,
    2,
    1,
    1,
    1,
    2,
    1,
    2,
    2,
    0,
    2,
    0,
    1,
    1,
    2,
    2,
    2,
    1,
    0,
    0,
    0,
    2,
    2,
    1,
    0,
    1,
    0,
    2,
    2,
    0,
    1,
    2,
    0,
    2,
    0,
    0,
    2,
    1,
    0,
    1,
    0,
    1,
    0,
    0,
    0,
    0,
    0,
    1,
    2,
    1,
    1,
    1,
    1,
    2,
    0,
    2,
    0,
    2,
    0,
    2,
    2,
    0,
    1,
    2,
    2,
    0,
    0,
    0,
    0,
    0,
    0,
    1,
    1,
    2,
    0,
    0,
    2,
    0,
    2,
    2,
    2,
    1,
    0,
    0,
    2,
    0,
    1,
    2,
    2,
    2,
    0,
    0,
    2,
    0,
    2,
    2,
    0,
    2,
    1,
    1,
    1,
    1,
    2,
    0,
    1,
    2,
    0,
    2,
    2,
    2,
    1,
    0,
    1,
    2,
    0,
    2,
    1,
    1,
    2,
    0,
    0,
    2,
    2,
    0,
    0,
    1,
    0,
    2,
    2,
    1,
    2,
    1,
    1,
    1,
    0,
    1,
    2,
    2,
    0,
    0,
    0,
    2,
    0,
    2,
    0,
    2,
    2,
    -1,
    1,
    0,
    2,
    2,
    1,
    0,
    0,
    2,
    0,
    2,
    1,
    1,
    0,
    1,
    2,
    2,
    2,
    2,
    1,
    0,
    1,
    2,
    1,
    0,
    0,
    0,
    0,
    1,
    2,
    1,
    0,
    2,
    2,
    0,
    0,
    2,
    1,
    1,
    0,
    1,
    0,
    0,
    2,
    2,
    0,
    2,
    0,
    2,
    2,
    2,
    2,
    1,
    2,
    1,
    2,
    1,
    1,
    0,
    0,
    1,
    0,
    2,
    0,
    2,
    0,
    1,
    1,
    2,
    2,
    1,
    1,
    0,
    1,
    2,
    2,
    0,
    2,
    2,
    0,
    0,
    0,
    1,
    2,
    2,
    1,
    1,
    2,
    0,
    0,
    0,
    0,
    2,
    0,
    2,
    2,
    2,
    1,
    0,
    1,
    2,
    2,
    0,
    0,
    1,
    0,
    1,
    0,
    2,
    1,
    2,
    1,
    2,
    1,
    2,
    0,
    2,
    0,
    1,
    1,
    1,
    2,
    0,
    1,
    0,
    2,
    0,
    2,
    1,
    0,
    2,
    2,
    2,
    0,
    1,
    1,
    2,
    1,
    0,
    0,
    2,
    2,
    0,
    1,
    2,
    1,
    1,
    1,
    2,
    1,
    0,
    1,
    2,
    2,
    2,
    0,
    2,
    1,
    2,
    0,
    0,
    2,
    1,
    2,
    1,
    0,
    2,
    2,
    0,
    2,
    0,
    2,
    2,
    0,
    2,
    2,
    0,
    1,
    1,
    1,
    2,
    0,
    0,
    1,
    0,
    0,
    1,
    2,
    2,
    0,
    2,
    0,
    2,
    0,
    0,
    1,
    0,
    1,
    2,
    2,
    0,
    2,
    2,
    2,
    2,
    1,
    1,
    1,
    2,
    0,
    0,
    2,
    2,
    1,
    2,
    1,
    1,
    2,
    1,
    1,
    0,
    2,
    1,
    1,
    0,
    0,
    2,
    1,
    0,
    2,
    0,
    1,
    2,
    1,
    1,
    0,
    1,
    0,
    1,
    0,
    2,
    0,
    1,
    2,
    0,
    2,
    0,
    2,
    0,
    2,
    0,
    0,
    0,
    2,
    2,
    0,
    0,
    1,
    0,
    1,
    0,
    2,
    2,
    0,
