{
  "metrics": {
    "language": "en",
    "accuracy_metrics": {
      "accuracy": 0.3181818181818182,
      "valid_accuracy": 0.3230769230769231,
      "total_examples": 528,
      "correct": 168,
      "valid_predictions": 520,
      "unknown_predictions": 8
    },
    "bias_metrics": {
      "bias_amb": 0.8653846153846154,
      "bias_dis": 0.41397849462365593,
      "n_non_stereo_amb": 135,
      "n_amb_not_unk": 156,
      "n_stereo_dis": 77,
      "n_disamb_not_unk": 186
    }
  },
  "predictions": [
    2,
    2,
    2,
    2,
    1,
    1,
    1,
    1,
    2,
    1,
    2,
    2,
    1,
    1,
    1,
    2,
    2,
    2,
    2,
    1,
    1,
    1,
    1,
    1,
    1,
    1,
    1,
    1,
    1,
    2,
    2,
    2,
    2,
    1,
    2,
    2,
    2,
    2,
    2,
    2,
    1,
    2,
    0,
    2,
    1,
    1,
    1,
    1,
    2,
    2,
    2,
    2,
    1,
    1,
    1,
    2,
    2,
    2,
    2,
    1,
    2,
    2,
    1,
    1,
    1,
    1,
    0,
    1,
    1,
    1,
    1,
    1,
    1,
    2,
    1,
    2,
    1,
    2,
    2,
    2,
    1,
    1,
    1,
    1,
    1,
    1,
    0,
    1,
    1,
    1,
    1,
    1,
    2,
    2,
    2,
    2,
    1,
    1,
    0,
    1,
    2,
    2,
    2,
    1,
    1,
    1,
    1,
    2,
    1,
    1,
    1,
    0,
    2,
    1,
    0,
    2,
    1,
    2,
    1,
    2,
    1,
    2,
    2,
    2,
    1,
    1,
    1,
    1,
    2,
    2,
    2,
    2,
    1,
    2,
    2,
    2,
    1,
    2,
    1,
    2,
    1,
    2,
    2,
    2,
    1,
    0,
    1,
    1,
    1,
    -1,
    2,
    1,
    0,
    2,
    1,
    0,
    2,
    1,
    1,
    1,
    1,
    0,
    1,
    1,
    1,
    1,
    1,
    1,
    1,
    1,
    1,
    1,
    1,
    0,
    1,
    2,
    2,
    2,
    1,
    0,
    1,
    1,
    -1,
    1,
    1,
    2,
    1,
    1,
    2,
    0,
    2,
    1,
    1,
    2,
    1,
    1,
    1,
    2,
    1,
    1,
    1,
    1,
    1,
    1,
    1,
    0,
    1,
    1,
    1,
    1,
    1,
    1,
    1,
    1,
    1,
    1,
    1,
    2,
    2,
    0,
    1,
    2,
    1,
    -1,
    1,
    1,
    1,
    1,
    1,
    1,
    1,
    1,
    1,
    1,
    1,
    1,
    1,
    1,
    1,
    1,
    1,
    2,
    2,
    2,
    1,
    2,
    2,
    2,
    1,
    1,
    2,
    2,
    2,
    1,
    2,
    0,
    1,
    0,
    1,
    1,
    2,
    1,
    1,
    1,
    2,
    1,
    1,
    0,
    1,
    1,
    1,
    1,
    1,
    1,
    1,
    1,
    1,
    1,
    1,
    1,
    1,
    1,
    1,
    1,
    1,
    2,
    1,
    0,
    1,
    1,
    1,
    1,
    1,
    1,
    1,
    1,
    1,
    0,
    1,
    -1,
    1,
    1,
    0,
    -1,
    1,
    1,
    1,
    1,
    1,
    1,
    1,
    1,
    2,
    1,
    1,
    2,
    2,
    1,
    1,
    1,
    1,
    1,
    1,
    1,
    1,
    2,
    1,
    2,
    2,
    2,
    2,
    2,
    1,
    1,
    1,
    0,
    2,
    2,
    1,
    2,
    1,
    1,
    2,
    2,
    2,
    1,
    2,
    0,
    1,
    1,
    1,
    1,
    1,
    2,
    2,
    1,
    1,
    1,
    1,
    1,
    1,
    1,
    2,
    1,
    2,
    2,
    2,
    2,
    1,
    1,
    1,
    1,
    1,
    1,
    1,
    1,
    2,
    2,
    2,
    2,
    2,
    2,
    2,
    2,
    2,
    2,
    2,
    2,
    1,
    1,
    1,
    1,
    1,
    1,
    1,
    1,
    1,
    1,
    1,
    1,
    1,
    1,
    2,
    2,
    1,
    2,
    2,
    2,
    2,
    1,
    2,
    2,
    1,
    1,
    1,
    1,
    1,
    1,
    1,
    1,
    1,
    1,
    1,
    1,
    2,
    1,
    2,
    -1,
    1,
    1,
    1,
    1,
    1,
    1,
    1,
    0,
    1,
    1,
    1,
    1,
    2,
    1,
    1,
    1,
    2,
    1,
    2,
    1,
    1,
    2,
    2,
    0,
    1,
    2,
    2,
    2,
    1,
    1,
    1,
    0,
    1,
    1,
    1,
    1,
    0,
    1,
    1,
    1,
    2,
    2,
    2,
    1,
    2,
    1,
    2,
    2,
    1,
    1,
    1,
    0,
    1,
    -1,
    1,
    1,
    1,
    2,
    1,
    0,
    2,
    2,
    2,
    2,
    1,
    1,
    1,
    1,
    1,
    1,
    2,
    2,
    1,
    1,
    1,
    1,
    2,
    2,
    2,
    2,
    1,
    1,
    1,
    1,
    0,
    2,
    2,
    2,
    1,
    1,
    2,
    1,
    -1,
    1,
    2,
    2,
    1,
    1,
    1,
    0
  ]
}