{
  "metrics": {
    "language": "en",
    "accuracy_metrics": {
      "accuracy": 0.5833333333333334,
      "valid_accuracy": 0.5833333333333334,
      "total_examples": 1176,
      "correct": 686,
      "valid_predictions": 1176,
      "unknown_predictions": 0
    },
    "bias_metrics": {
      "bias_amb": 0.7078651685393258,
      "bias_dis": 0.35609756097560974,
      "n_non_stereo_amb": 252,
      "n_amb_not_unk": 356,
      "n_stereo_dis": 146,
      "n_disamb_not_unk": 410
    }
  },
  "predictions": [
    0,
    2,
    1,
    0,
    2,
    1,
    2,
    2,
    0,
    1,
    0,
    2,
    0,
    0,
    0,
    1,
    0,
    2,
    0,
    0,
    1,
    2,
    0,
    0,
    0,
    0,
    1,
    1,
    1,
    1,
    0,
    2,
    2,
    1,
    1,
    2,
    2,
    0,
    1,
    0,
    0,
    1,
    0,
    1,
    0,
    0,
    1,
    0,
    1,
    0,
    0,
    0,
    0,
    0,
    0,
    0,
    2,
    2,
    1,
    0,
    2,
    2,
    2,
    0,
    1,
    2,
    0,
    0,
    0,
    0,
    0,
    1,
    1,
    0,
    1,
    2,
    0,
    0,
    2,
    1,
    0,
    0,
    0,
    1,
    1,
    0,
    0,
    2,
    1,
    0,
    2,
    0,
    0,
    1,
    1,
    0,
    2,
    1,
    2,
    1,
    0,
    1,
    0,
    1,
    0,
    0,
    1,
    2,
    1,
    0,
    1,
    1,
    1,
    0,
    0,
    0,
    0,
    2,
    0,
    0,
    0,
    2,
    1,
    1,
    0,
    0,
    2,
    0,
    0,
    0,
    2,
    1,
    1,
    0,
    1,
    2,
    1,
    2,
    0,
    0,
    0,
    0,
    1,
    1,
    2,
    2,
    1,
    1,
    2,
    0,
    1,
    2,
    0,
    2,
    1,
    2,
    2,
    2,
    0,
    2,
    0,
    1,
    1,
    2,
    1,
    1,
    1,
    1,
    0,
    0,
    1,
    0,
    0,
    0,
    1,
    1,
    1,
    2,
    0,
    2,
    0,
    1,
    0,
    0,
    0,
    1,
    1,
    0,
    1,
    0,
    0,
    0,
    0,
    2,
    2,
    0,
    1,
    0,
    0,
    0,
    0,
    0,
    0,
    0,
    2,
    1,
    0,
    2,
    1,
    1,
    1,
    2,
    1,
    0,
    1,
    1,
    1,
    2,
    2,
    0,
    1,
    1,
    2,
    2,
    1,
    1,
    0,
    2,
    1,
    0,
    1,
    0,
    2,
    0,
    2,
    1,
    2,
    1,
    1,
    0,
    2,
    1,
    2,
    2,
    0,
    2,
    0,
    1,
    1,
    1,
    0,
    1,
    0,
    0,
    1,
    2,
    2,
    2,
    0,
    1,
    0,
    1,
    0,
    1,
    1,
    1,
    2,
    1,
    0,
    0,
    0,
    1,
    2,
    1,
    0,
    2,
    0,
    1,
    0,
    1,
    1,
    0,
    1,
    2,
    1,
    2,
    1,
    0,
    1,
    1,
    0,
    2,
    1,
    2,
    2,
    1,
    0,
    0,
    2,
    1,
    0,
    2,
    0,
    2,
    1,
    0,
    0,
    2,
    2,
    1,
    0,
    2,
    1,
    2,
    0,
    0,
    2,
    0,
    1,
    0,
    0,
    1,
    0,
    0,
    1,
    0,
    2,
    0,
    2,
    2,
    1,
    0,
    2,
    0,
    0,
    0,
    2,
    1,
    0,
    0,
    2,
    0,
    2,
    2,
    0,
    2,
    0,
    0,
    2,
    0,
    0,
    0,
    1,
    0,
    1,
    0,
    0,
    2,
    0,
    1,
    0,
    0,
    1,
    1,
    1,
    1,
    1,
    0,
    2,
    0,
    1,
    2,
    0,
    0,
    1,
    2,
    0,
    2,
    0,
    0,
    0,
    2,
    2,
    0,
    0,
    1,
    1,
    0,
    0,
    2,
    1,
    1,
    0,
    1,
    2,
    0,
    1,
    0,
    0,
    1,
    0,
    0,
    0,
    1,
    1,
    0,
    0,
    1,
    2,
    2,
    2,
    0,
    1,
    2,
    1,
    0,
    0,
    0,
    1,
    2,
    2,
    2,
    2,
    1,
    1,
    0,
    1,
    0,
    0,
    2,
    0,
    1,
    0,
    1,
    0,
    0,
    0,
    1,
    0,
    0,
    0,
    1,
    0,
    0,
    0,
    2,
    0,
    0,
    2,
    1,
    0,
    0,
    0,
    0,
    2,
    2,
    1,
    0,
    0,
    0,
    1,
    0,
    2,
    0,
    1,
    0,
    1,
    2,
    0,
    1,
    0,
    0,
    2,
    1,
    0,
    0,
    1,
    2,
    2,
    0,
    1,
    0,
    0,
    1,
    1,
    0,
    0,
    0,
    0,
    2,
    0,
    1,
    1,
    2,
    1,
    2,
    0,
    1,
    0,
    1,
    0,
    1,
    0,
    1,
    2,
    0,
    1,
    1,
    1,
    1,
    2,
    0,
    1,
    2,
    0,
    0,
    0,
    0,
    1,
    0,
    1,
    2,
    1,
    0,
    0,
    1,
    0,
    1,
    0,
    1,
    0,
    2,
    0,
    0,
    2,
    1,
    1,
    2,
    0,
    1,
    0,
    0,
    1,
    2,
    0,
    2,
    0,
    0,
    2,
    0,
    1,
    1,
    0,
    0,
    0,
    1,
    2,
    0,
    2,
    1,
    1,
    1,
    1,
    2,
    2,
    0,
    1,
    1,
    0,
    0,
    2,
    2,
    0,
    1,
    0,
    0,
    1,
    2,
    1,
    2,
    1,
    1,
    2,
    2,
    2,
    1,
    2,
    0,
    1,
    0,
    1,
    1,
    1,
    0,
    1,
    0,
    2,
    1,
    1,
    1,
    2,
    0,
    0,
    2,
    0,
    0,
    0,
    0,
    0,
    0,
    0,
    2,
    0,
    1,
    0,
    0,
    2,
    1,
    2,
    0,
    1,
    1,
    2,
    1,
    0,
    0,
    0,
    0,
    0,
    0,
    1,
    1,
    2,
    0,
    2,
    0,
    1,
    2,
    1,
    0,
    0,
    0,
    0,
    1,
    1,
    2,
    1,
    0,
    1,
    0,
    0,
    2,
    0,
    1,
    2,
    0,
    0,
    2,
    0,
    1,
    2,
    1,
    2,
    0,
    0,
    1,
    2,
    2,
    1,
    0,
    2,
    2,
    1,
    0,
    1,
    0,
    2,
    1,
    0,
    1,
    0,
    2,
    1,
    0,
    2,
    0,
    0,
    0,
    1,
    2,
    2,
    0,
    1,
    2,
    1,
    2,
    0,
    0,
    0,
    0,
    0,
    2,
    0,
    1,
    1,
    1,
    1,
    0,
    1,
    2,
    1,
    0,
    2,
    1,
    2,
    0,
    1,
    2,
    0,
    0,
    1,
    0,
    2,
    0,
    1,
    0,
    1,
    2,
    1,
    1,
    2,
    0,
    2,
    2,
    1,
    0,
    0,
    2,
    1,
    0,
    0,
    1,
    2,
    0,
    2,
    0,
    0,
    0,
    1,
    2,
    0,
    1,
    0,
    0,
    1,
    2,
    0,
    1,
    0,
    1,
    1,
    1,
    0,
    2,
    2,
    0,
    2,
    1,
    0,
    0,
    0,
    2,
    2,
    1,
    2,
    2,
    1,
    2,
    2,
    0,
    0,
    0,
    2,
    1,
    2,
    1,
    0,
    0,
    1,
    2,
    0,
    1,
    0,
    1,
    1,
    2,
    1,
    2,
    1,
    0,
    1,
    1,
    1,
    1,
    1,
    2,
    1,
    0,
    0,
    1,
    1,
    2,
    0,
    1,
    2,
    0,
    0,
    2,
    0,
    0,
    1,
    0,
    0,
    2,
    1,
    2,
    0,
    0,
    1,
    1,
    0,
    2,
    2,
    0,
    1,
    2,
    0,
    2,
    1,
    0,
    1,
    2,
    0,
    0,
    1,
    1,
    1,
    1,
    1,
    1,
    0,
    2,
    1,
    0,
    0,
    1,
    1,
    1,
    0,
    2,
    1,
    0,
    1,
    0,
    0,
    1,
    0,
    2,
    0,
    1,
    2,
    2,
    2,
    1,
    1,
    0,
    1,
    2,
    2,
    0,
    1,
    1,
    2,
    2,
    0,
    2,
    0,
    0,
    2,
    0,
    1,
    2,
    1,
    1,
    1,
    1,
    0,
    0,
    1,
    2,
    0,
    0,
    1,
    2,
    1,
    2,
    2,
    2,
    0,
    1,
    1,
    2,
    0,
    1,
    0,
    2,
    2,
    1,
    1,
    0,
    1,
    2,
    0,
    1,
    2,
    0,
    2,
    0,
    1,
    1,
    0,
    0,
    1,
    1,
    0,
    1,
    1,
    0,
    1,
    2,
    0,
    0,
    0,
    0,
    1,
    0,
    1,
    2,
    0,
    2,
    2,
    2,
    2,
    0,
    0,
    1,
    2,
    1,
    1,
    2,
    1,
    1,
    1,
    0,
    1,
    2,
    2,
    0,
    0,
    1,
    0,
    0,
    0,
    0,
    0,
    2,
    1,
    0,
    1,
    1,
    2,
    0,
    0,
    2,
    1,
    1,
    1,
    0,
    1,
    2,
    2,
    1,
    2,
    2,
    0,
    0,
    0,
    2,
    1,
    1,
    1,
    2,
    1,
    0,
    1,
    1,
    0,
    1,
    0,
    0,
    1,
    2,
    1,
    1,
    1,
    0,
    2,
    1,
    2,
    0,
    2,
    2,
    2,
    0,
    0,
    2,
    0,
    0,
    2,
    1,
    0,
    0,
    1,
    2,
    2,
    0,
    0,
    0,
    2,
    2,
    0,
    1,
    1,
    1,
    2,
    2,
    0,
    0,
    2,
    0,
    0,
    1,
    0,
    2,
    2,
    1,
    2,
    1,
    0,
    2,
    0,
    0,
    2,
    0,
    2,
    0,
    0,
    1,
    2,
