{
  "metrics": {
    "language": "nl",
    "accuracy_metrics": {
      "accuracy": 0.4166666666666667,
      "valid_accuracy": 0.4166666666666667,
      "total_examples": 1296,
      "correct": 540,
      "valid_predictions": 1296,
      "unknown_predictions": 0
    },
    "bias_metrics": {
      "bias_amb": 0.680365296803653,
      "bias_dis": 0.44755244755244755,
      "n_non_stereo_amb": 298,
      "n_amb_not_unk": 438,
      "n_stereo_dis": 192,
      "n_disamb_not_unk": 429
    }
  },
  "predictions": [
    1,
    2,
    2,
    1,
    2,
    0,
    0,
    0,
    1,
    0,
    1,
    1,
    0,
    0,
    0,
    1,
    0,
    0,
    1,
    2,
    2,
    1,
    1,
    0,
    2,
    2,
    2,
    0,
    2,
    0,
    2,
    0,
    0,
    2,
    1,
    2,
    1,
    1,
    1,
    0,
    2,
    2,
    0,
    0,
    0,
    2,
    2,
    2,
    2,
    2,
    2,
    2,
    0,
    2,
    1,
    2,
    2,
    1,
    0,
    1,
    2,
    0,
    2,
    1,
    2,
    2,
    0,
    0,
    1,
    1,
    0,
    0,
    1,
    2,
    2,
    2,
    1,
    1,
    1,
    1,
    0,
    0,
    2,
    0,
    0,
    2,
    1,
    1,
    2,
    1,
    1,
    1,
    0,
    0,
    0,
    1,
    2,
    0,
    0,
    1,
    0,
    0,
    1,
    1,
    2,
    2,
    2,
    2,
    0,
    2,
    2,
    1,
    2,
    1,
    1,
    2,
    2,
    0,
    0,
    2,
    2,
    0,
    0,
    2,
    0,
    0,
    0,
    2,
    2,
    2,
    2,
    1,
    2,
    0,
    1,
    0,
    0,
    2,
    0,
    0,
    2,
    1,
    0,
    0,
    2,
    2,
    0,
    1,
    0,
    0,
    0,
    1,
    1,
    2,
    0,
    1,
    2,
    0,
    0,
    0,
    1,
    2,
    1,
    0,
    0,
    0,
    2,
    2,
    2,
    1,
    1,
    2,
    2,
    2,
    2,
    0,
    0,
    2,
    2,
    2,
    1,
    0,
    0,
    2,
    0,
    0,
    2,
    0,
    1,
    0,
    0,
    2,
    0,
    0,
    1,
    0,
    2,
    0,
    2,
    0,
    1,
    1,
    0,
    0,
    0,
    1,
    2,
    2,
    0,
    1,
    1,
    2,
    2,
    1,
    1,
    2,
    1,
    2,
    2,
    0,
    1,
    2,
    2,
    1,
    0,
    0,
    2,
    1,
    2,
    2,
    0,
    1,
    0,
    0,
    0,
    2,
    0,
    0,
    2,
    0,
    2,
    0,
    0,
    0,
    2,
    1,
    1,
    2,
    1,
    1,
    1,
    2,
    1,
    1,
    2,
    0,
    0,
    1,
    1,
    0,
    0,
    0,
    2,
    1,
    2,
    0,
    2,
    1,
    2,
    0,
    0,
    2,
    0,
    2,
    0,
    2,
    0,
    1,
    2,
    1,
    2,
    0,
    1,
    0,
    0,
    1,
    2,
    0,
    2,
    2,
    2,
    2,
    0,
    0,
    0,
    0,
    1,
    1,
    1,
    0,
    1,
    1,
    0,
    1,
    0,
    2,
    1,
    0,
    1,
    0,
    0,
    0,
    1,
    1,
    1,
    2,
    2,
    2,
    1,
    0,
    0,
    0,
    2,
    2,
    1,
    2,
    0,
    0,
    0,
    2,
    2,
    2,
    0,
    2,
    2,
    1,
    1,
    0,
    0,
    1,
    1,
    2,
    0,
    1,
    2,
    2,
    2,
    0,
    2,
    1,
    0,
    2,
    1,
    2,
    2,
    2,
    1,
    0,
    2,
    1,
    1,
    1,
    1,
    2,
    2,
    0,
    1,
    1,
    1,
    1,
    0,
    1,
    2,
    2,
    2,
    1,
    0,
    0,
    2,
    0,
    2,
    1,
    0,
    2,
    2,
    1,
    1,
    2,
    2,
    2,
    2,
    2,
    2,
    2,
    2,
    2,
    1,
    2,
    2,
    0,
    2,
    2,
    0,
    2,
    1,
    2,
    1,
    0,
    0,
    0,
    0,
    2,
    0,
    1,
    1,
    2,
    2,
    1,
    1,
    0,
    1,
    1,
    1,
    2,
    1,
    1,
    0,
    2,
    1,
    2,
    2,
    2,
    1,
    1,
    1,
    0,
    0,
    1,
    0,
    1,
    1,
    1,
    2,
    2,
    0,
    0,
    2,
    0,
    0,
    1,
    0,
    1,
    0,
    1,
    0,
    1,
    1,
    1,
    2,
    2,
    2,
    2,
    0,
    2,
    0,
    0,
    2,
    2,
    2,
    2,
    0,
    2,
    2,
    0,
    1,
    0,
    0,
    0,
    0,
    0,
    1,
    1,
    2,
    2,
    1,
    1,
    2,
    2,
    1,
    2,
    0,
    1,
    0,
    0,
    0,
    2,
    0,
    0,
    1,
    1,
    1,
    1,
    0,
    0,
    0,
    2,
    2,
    2,
    1,
    2,
    2,
    0,
    2,
    2,
    0,
    0,
    2,
    2,
    2,
    2,
    1,
    1,
    0,
    1,
    1,
    1,
    1,
    1,
    0,
    0,
    0,
    2,
    2,
    2,
    1,
    0,
    1,
    1,
    1,
    1,
    0,
    0,
    2,
    2,
    1,
    2,
    1,
    2,
    2,
    2,
    1,
    2,
    0,
    0,
    0,
    0,
    0,
    0,
    1,
    0,
    2,
    0,
    2,
    1,
    2,
    0,
    2,
    2,
    1,
    1,
    2,
    0,
    2,
    2,
    0,
    2,
    0,
    1,
    2,
    2,
    1,
    1,
    1,
    1,
    2,
    1,
    2,
    0,
    0,
    0,
    2,
    0,
    0,
    2,
    1,
    2,
    1,
    2,
    0,
    2,
    2,
    0,
    2,
    2,
    0,
    2,
    2,
    0,
    2,
    1,
    2,
    1,
    2,
    2,
    2,
    1,
    2,
    2,
    2,
    2,
    2,
    2,
    2,
    0,
    1,
    0,
    2,
    1,
    2,
    1,
    2,
    0,
    0,
    2,
    0,
    2,
    0,
    2,
    0,
    2,
    0,
    1,
    2,
    0,
    2,
    1,
    2,
    0,
    0,
    2,
    2,
    1,
    1,
    1,
    0,
    2,
    1,
    0,
    1,
    0,
    2,
    1,
    0,
    1,
    0,
    2,
    1,
    1,
    2,
    1,
    2,
    2,
    1,
    1,
    0,
    1,
    2,
    1,
    0,
    1,
    1,
    0,
    1,
    0,
    2,
    2,
    0,
    0,
    2,
    0,
    2,
    1,
    0,
    1,
    0,
    1,
    1,
    1,
    2,
    0,
    0,
    2,
    0,
    1,
    1,
    2,
    1,
    0,
    1,
    2,
    1,
    0,
    2,
    2,
    2,
    0,
    2,
    0,
    0,
    1,
    2,
    1,
    2,
    2,
    1,
    2,
    2,
    0,
    2,
    2,
    0,
    2,
    0,
    0,
    0,
    0,
    2,
    1,
    1,
    0,
    1,
    2,
    1,
    1,
    0,
    2,
    1,
    2,
    1,
    0,
    1,
    2,
    2,
    2,
    1,
    2,
    0,
    0,
    0,
    2,
    0,
    1,
    0,
    2,
    2,
    1,
    0,
    2,
    0,
    2,
    1,
    2,
    1,
    2,
    1,
    1,
    1,
    1,
    0,
    1,
    2,
    2,
    2,
    0,
    0,
    1,
    1,
    1,
    1,
    2,
    2,
    2,
    2,
    0,
    1,
    2,
    2,
    2,
    1,
    1,
    2,
    2,
    0,
    0,
    2,
    2,
    2,
    2,
    2,
    2,
    1,
    0,
    2,
    1,
    0,
    2,
    1,
    2,
    1,
    1,
    1,
    2,
    2,
    1,
    1,
    1,
    2,
    0,
    2,
    2,
    2,
    0,
    1,
    0,
    2,
    2,
    2,
    0,
    2,
    2,
    0,
    1,
    0,
    2,
    1,
    1,
    1,
    1,
    0,
    0,
    2,
    2,
    2,
    2,
    2,
    0,
    0,
    2,
    0,
    2,
    1,
    2,
    2,
    1,
    0,
    1,
    0,
    0,
    0,
    2,
    0,
    0,
    0,
    0,
    0,
    2,
    0,
    0,
    2,
    1,
    0,
    2,
    2,
    2,
    0,
    1,
    1,
    1,
    2,
    0,
    1,
    0,
    0,
    1,
    0,
    0,
    0,
    2,
    2,
    2,
    2,
    2,
    1,
    2,
    1,
    0,
    1,
    2,
    2,
    1,
    2,
    2,
    2,
    0,
    2,
    1,
    0,
    0,
    2,
    0,
    2,
    2,
    0,
    0,
    2,
    0,
    2,
    0,
    0,
    1,
    1,
    1,
    1,
    1,
    1,
    0,
    2,
    2,
    0,
    1,
    0,
    2,
    0,
    0,
    0,
    1,
    1,
    1,
    2,
    1,
    0,
    2,
    1,
    2,
    1,
    2,
    0,
    2,
    1,
    1,
    2,
    2,
    0,
    2,
    0,
    1,
    2,
    2,
    2,
    2,
    0,
    1,
    2,
    2,
    1,
    2,
    0,
    2,
    0,
    0,
    1,
    1,
    0,
    0,
    0,
    1,
    2,
    2,
    2,
    2,
    1,
    2,
    1,
    0,
    1,
    0,
    1,
    1,
    0,
    2,
    2,
    2,
    1,
    2,
    1,
    1,
    2,
    1,
    1,
    2,
    0,
    2,
    0,
    2,
    0,
    1,
    1,
    0,
    1,
    0,
    1,
    1,
    0,
    0,
    0,
    0,
    1,
    0,
    0,
    2,
    0,
    1,
    0,
    0,
    0,
    1,
    1,
    0,
    2,
    1,
    0,
    1,
    0,
    1,
    2,
    0,
    2,
    2,
    2,
    2,
    0,
    0,
    0,
    0,
    0,
    1,
    2,
    0,
    2,
    2,
    0,
    1,
    2,
    2,
    1,
    2,
    0,
    1,
    0,
