{
  "metrics": {
    "language": "nl",
    "accuracy_metrics": {
      "accuracy": 0.39889705882352944,
      "valid_accuracy": 0.39889705882352944,
      "total_examples": 544,
      "correct": 217,
      "valid_predictions": 544,
      "unknown_predictions": 0
    },
    "bias_metrics": {
      "bias_amb": 0.625,
      "bias_dis": 0.3333333333333333,
      "n_non_stereo_amb": 115,
      "n_amb_not_unk": 184,
      "n_stereo_dis": 60,
      "n_disamb_not_unk": 180
    }
  },
  "predictions": [
    2,
    2,
    0,
    1,
    2,
    1,
    0,
    0,
    2,
    1,
    2,
    1,
    2,
    2,
    2,
    0,
    0,
    2,
    2,
    0,
    2,
    0,
    1,
    0,
    1,
    1,
    1,
    0,
    1,
    1,
    1,
    1,
    0,
    0,
    2,
    2,
    0,
    2,
    2,
    2,
    2,
    0,
    1,
    1,
    2,
    0,
    0,
    1,
    1,
    1,
    0,
    0,
    1,
    2,
    0,
    2,
    1,
    0,
    0,
    1,
    1,
    0,
    0,
    1,
    2,
    0,
    2,
    0,
    0,
    1,
    0,
    2,
    2,
    0,
    1,
    1,
    0,
    0,
    0,
    2,
    1,
    1,
    0,
    1,
    2,
    0,
    2,
    0,
    1,
    0,
    0,
    1,
    0,
    2,
    0,
    0,
    0,
    0,
    1,
    1,
    2,
    0,
    1,
    1,
    2,
    1,
    2,
    1,
    2,
    0,
    0,
    0,
    0,
    0,
    0,
    0,
    0,
    1,
    2,
    0,
    1,
    1,
    1,
    0,
    0,
    2,
    2,
    0,
    1,
    2,
    2,
    2,
    2,
    2,
    2,
    1,
    2,
    0,
    2,
    0,
    1,
    2,
    0,
    1,
    1,
    1,
    2,
    0,
    2,
    0,
    1,
    2,
    1,
    0,
    2,
    1,
    2,
    1,
    0,
    2,
    0,
    0,
    2,
    2,
    1,
    2,
    1,
    2,
    0,
    2,
    1,
    0,
    1,
    0,
    2,
    1,
    1,
    1,
    1,
    0,
    2,
    0,
    2,
    0,
    0,
    0,
    2,
    0,
    2,
    0,
    2,
    0,
    2,
    2,
    2,
    2,
    0,
    0,
    1,
    2,
    0,
    2,
    1,
    2,
    1,
    1,
    0,
    2,
    0,
    2,
    2,
    1,
    0,
    2,
    2,
    2,
    1,
    2,
    2,
    2,
    0,
    1,
    2,
    2,
    1,
    2,
    2,
    1,
    1,
    0,
    1,
    2,
    2,
    1,
    1,
    0,
    0,
    2,
    2,
    2,
    1,
    2,
    1,
    2,
    2,
    2,
    0,
    2,
    2,
    0,
    2,
    0,
    2,
    1,
    1,
    2,
    2,
    2,
    2,
    0,
    1,
    0,
    2,
    0,
    1,
    2,
    2,
    2,
    2,
    0,
    1,
    1,
    0,
    0,
    0,
    0,
    0,
    2,
    0,
    2,
    0,
    2,
    2,
    1,
    2,
    0,
    2,
    1,
    0,
    0,
    0,
    2,
    2,
    2,
    0,
    1,
    1,
    1,
    2,
    0,
    2,
    0,
    2,
    0,
    0,
    0,
    0,
    0,
    1,
    1,
    0,
    1,
    1,
    1,
    0,
    1,
    2,
    0,
    1,
    0,
    0,
    2,
    1,
    2,
    1,
    1,
    2,
    2,
    0,
    2,
    1,
    0,
    1,
    1,
    0,
    0,
    2,
    2,
    0,
    1,
    0,
    1,
    1,
    1,
    2,
    1,
    0,
    2,
    2,
    1,
    1,
    0,
    2,
    1,
    1,
    0,
    1,
    2,
    0,
    2,
    0,
    1,
    1,
    1,
    2,
    2,
    2,
    0,
    2,
    1,
    2,
    1,
    2,
    2,
    0,
    1,
    2,
    1,
    2,
    0,
    0,
    0,
    2,
    1,
    2,
    2,
    2,
    2,
    0,
    2,
    2,
    2,
    0,
    1,
    1,
    0,
    0,
    0,
    1,
    1,
    2,
    2,
    1,
    1,
    2,
    1,
    0,
    0,
    2,
    0,
    0,
    0,
    2,
    2,
    0,
    0,
    0,
    0,
    1,
    2,
    1,
    0,
    0,
    0,
    2,
    1,
    2,
    0,
    1,
    1,
    2,
    2,
    2,
    1,
    1,
    0,
    2,
    2,
    1,
    0,
    0,
    1,
    1,
    1,
    1,
    0,
    2,
    2,
    2,
    1,
    0,
    2,
    0,
    1,
    1,
    2,
    2,
    1,
    2,
    0,
    2,
    2,
    0,
    0,
    0,
    0,
    2,
    0,
    1,
    0,
    2,
    1,
    0,
    1,
    2,
    1,
    1,
    1,
    1,
    2,
    0,
    0,
    1,
    0,
    0,
    2,
    1,
    1,
    1,
    1,
    1,
    1,
    1,
    2,
    2,
    0,
    2,
    0,
    2,
    2,
    1,
    2,
    1,
    2,
    1,
    1,
    0,
    1,
    1,
    0,
    0,
    2,
    2,
    1,
    2,
    0,
    1,
    1,
    2,
    0,
    2,
    1,
    0,
    1,
    1,
    2,
    2,
    0,
    2,
    2,
    1,
    0,
    2,
    0,
    0,
    0,
    1,
    0,
    1,
    1,
    1,
    1,
    1,
    2
  ]
}