{
  "metrics": {
    "language": "es",
    "accuracy_metrics": {
      "accuracy": 0.5910493827160493,
      "valid_accuracy": 0.5910493827160493,
      "total_examples": 1296,
      "correct": 766,
      "valid_predictions": 1296,
      "unknown_predictions": 0
    },
    "bias_metrics": {
      "bias_amb": 0.6813953488372093,
      "bias_dis": 0.418013856812933,
      "n_non_stereo_amb": 293,
      "n_amb_not_unk": 430,
      "n_stereo_dis": 181,
      "n_disamb_not_unk": 433
    }
  },
  "predictions": [
    0,
    2,
    2,
    1,
    2,
    0,
    0,
    2,
    2,
    1,
    0,
    2,
    1,
    2,
    0,
    1,
    1,
    2,
    2,
    2,
    2,
    1,
    1,
    1,
    2,
    0,
    2,
    0,
    1,
    2,
    2,
    1,
    1,
    2,
    0,
    1,
    1,
    0,
    1,
    2,
    1,
    1,
    0,
    1,
    1,
    0,
    1,
    2,
    1,
    2,
    1,
    2,
    2,
    0,
    1,
    0,
    2,
    2,
    1,
    1,
    2,
    2,
    1,
    2,
    0,
    1,
    1,
    1,
    2,
    2,
    1,
    2,
    1,
    1,
    1,
    1,
    2,
    0,
    0,
    0,
    0,
    1,
    0,
    0,
    1,
    1,
    2,
    1,
    1,
    0,
    1,
    0,
    0,
    1,
    1,
    0,
    0,
    2,
    1,
    2,
    0,
    2,
    1,
    0,
    1,
    1,
    2,
    1,
    2,
    1,
    2,
    2,
    2,
    1,
    1,
    1,
    1,
    2,
    1,
    2,
    1,
    1,
    2,
    1,
    2,
    2,
    1,
    2,
    1,
    1,
    1,
    0,
    1,
    2,
    1,
    1,
    1,
    2,
    1,
    0,
    0,
    1,
    0,
    0,
    0,
    1,
    1,
    1,
    2,
    1,
    2,
    1,
    0,
    2,
    2,
    2,
    2,
    1,
    0,
    1,
    1,
    0,
    1,
    1,
    1,
    1,
    1,
    1,
    2,
    0,
    2,
    1,
    2,
    2,
    0,
    0,
    0,
    1,
    2,
    1,
    2,
    2,
    0,
    2,
    0,
    1,
    1,
    1,
    1,
    2,
    1,
    2,
    2,
    2,
    0,
    2,
    2,
    2,
    0,
    0,
    2,
    1,
    0,
    0,
    1,
    0,
    1,
    0,
    2,
    1,
    1,
    0,
    1,
    0,
    0,
    1,
    2,
    2,
    2,
    1,
    1,
    1,
    0,
    1,
    0,
    1,
    0,
    0,
    2,
    0,
    1,
    0,
    0,
    0,
    2,
    1,
    1,
    2,
    1,
    0,
    2,
    1,
    0,
    2,
    1,
    1,
    2,
    0,
    1,
    2,
    1,
    0,
    0,
    2,
    2,
    0,
    0,
    2,
    1,
    0,
    2,
    2,
    1,
    1,
    2,
    0,
    2,
    2,
    2,
    1,
    1,
    0,
    1,
    0,
    1,
    1,
    2,
    0,
    0,
    1,
    1,
    2,
    2,
    0,
    0,
    0,
    1,
    2,
    1,
    1,
    0,
    2,
    0,
    2,
    0,
    1,
    1,
    2,
    1,
    2,
    0,
    2,
    1,
    1,
    0,
    1,
    0,
    2,
    1,
    1,
    0,
    2,
    0,
    1,
    0,
    2,
    1,
    1,
    2,
    2,
    1,
    2,
    1,
    0,
    1,
    0,
    1,
    2,
    1,
    1,
    0,
    2,
    0,
    1,
    0,
    2,
    2,
    0,
    1,
    2,
    2,
    0,
    1,
    2,
    0,
    2,
    0,
    1,
    0,
    2,
    1,
    0,
    0,
    2,
    0,
    2,
    0,
    1,
    2,
    1,
    2,
    1,
    1,
    1,
    1,
    2,
    1,
    1,
    2,
    2,
    0,
    1,
    2,
    2,
    1,
    2,
    1,
    1,
    0,
    2,
    0,
    1,
    1,
    2,
    0,
    1,
    1,
    2,
    2,
    1,
    0,
    0,
    2,
    1,
    2,
    2,
    1,
    2,
    1,
    0,
    1,
    1,
    2,
    2,
    1,
    0,
    1,
    1,
    0,
    1,
    1,
    0,
    0,
    1,
    1,
    2,
    2,
    1,
    0,
    2,
    0,
    1,
    0,
    0,
    0,
    1,
    0,
    2,
    1,
    2,
    1,
    1,
    2,
    0,
    0,
    2,
    1,
    2,
    1,
    1,
    1,
    2,
    1,
    0,
    1,
    2,
    0,
    1,
    0,
    0,
    1,
    1,
    0,
    0,
    1,
    1,
    2,
    2,
    0,
    0,
    2,
    1,
    1,
    0,
    2,
    2,
    2,
    1,
    1,
    1,
    2,
    1,
    1,
    0,
    1,
    1,
    0,
    1,
    0,
    2,
    1,
    2,
    1,
    0,
    1,
    0,
    1,
    2,
    0,
    1,
    2,
    1,
    1,
    2,
    1,
    0,
    1,
    2,
    1,
    0,
    0,
    1,
    0,
    1,
    1,
    2,
    1,
    0,
    2,
    2,
    0,
    1,
    2,
    2,
    0,
    0,
    1,
    1,
    0,
    0,
    2,
    2,
    2,
    1,
    1,
    0,
    1,
    2,
    1,
    2,
    1,
    2,
    0,
    0,
    1,
    2,
    1,
    2,
    0,
    1,
    2,
    0,
    1,
    0,
    1,
    2,
    0,
    1,
    1,
    0,
    1,
    1,
    0,
    1,
    2,
    1,
    2,
    1,
    2,
    0,
    1,
    2,
    1,
    1,
    1,
    1,
    2,
    0,
    1,
    1,
    0,
    0,
    1,
    0,
    2,
    1,
    1,
    0,
    1,
    1,
    2,
    0,
    2,
    2,
    1,
    0,
    1,
    2,
    1,
    2,
    0,
    0,
    1,
    0,
    2,
    0,
    1,
    0,
    2,
    1,
    2,
    1,
    2,
    2,
    1,
    1,
    0,
    0,
    0,
    0,
    2,
    1,
    1,
    0,
    2,
    2,
    0,
    0,
    1,
    1,
    1,
    1,
    1,
    0,
    1,
    0,
    2,
    1,
    2,
    2,
    0,
    1,
    1,
    2,
    0,
    0,
    0,
    0,
    1,
    1,
    0,
    0,
    2,
    0,
    2,
    1,
    2,
    2,
    1,
    2,
    1,
    2,
    2,
    2,
    0,
    0,
    0,
    1,
    0,
    2,
    1,
    0,
    0,
    1,
    1,
    0,
    1,
    1,
    1,
    0,
    0,
    1,
    1,
    1,
    0,
    0,
    1,
    1,
    2,
    0,
    2,
    2,
    1,
    1,
    1,
    2,
    0,
    0,
    0,
    1,
    1,
    0,
    1,
    2,
    1,
    2,
    0,
    2,
    0,
    2,
    0,
    0,
    1,
    1,
    2,
    1,
    2,
    2,
    1,
    1,
    1,
    0,
    1,
    1,
    1,
    0,
    1,
    1,
    1,
    1,
    1,
    2,
    1,
    2,
    1,
    0,
    0,
    0,
    2,
    0,
    0,
    2,
    0,
    2,
    1,
    2,
    2,
    0,
    1,
    2,
    1,
    2,
    1,
    2,
    2,
    1,
    1,
    1,
    2,
    2,
    0,
    2,
    1,
    1,
    0,
    1,
    2,
    2,
    1,
    1,
    2,
    2,
    1,
    2,
    2,
    2,
    1,
    1,
    2,
    0,
    2,
    2,
    1,
    2,
    0,
    2,
    0,
    1,
    1,
    0,
    2,
    1,
    1,
    1,
    2,
    1,
    1,
    1,
    1,
    1,
    2,
    2,
    2,
    1,
    0,
    2,
    2,
    0,
    0,
    1,
    2,
    2,
    1,
    0,
    2,
    1,
    1,
    1,
    0,
    1,
    1,
    1,
    0,
    1,
    1,
    0,
    2,
    1,
    1,
    2,
    1,
    0,
    0,
    0,
    0,
    2,
    2,
    2,
    1,
    0,
    1,
    0,
    1,
    2,
    1,
    2,
    1,
    0,
    2,
    0,
    1,
    1,
    1,
    0,
    1,
    1,
    1,
    2,
    0,
    1,
    1,
    1,
    0,
    1,
    1,
    1,
    1,
    2,
    2,
    2,
    2,
    2,
    2,
    2,
    1,
    0,
    2,
    1,
    1,
    1,
    1,
    1,
    1,
    1,
    1,
    1,
    1,
    0,
    1,
    0,
    1,
    0,
    2,
    1,
    1,
    1,
    2,
    2,
    1,
    2,
    1,
    0,
    2,
    1,
    2,
    1,
    2,
    0,
    1,
    0,
    0,
    0,
    1,
    0,
    1,
    1,
    1,
    1,
    0,
    1,
    0,
    0,
    1,
    2,
    1,
    1,
    1,
    0,
    2,
    1,
    2,
    0,
    2,
    1,
    1,
    0,
    2,
    2,
    2,
    0,
    2,
    2,
    2,
    0,
    1,
    2,
    2,
    1,
    0,
    0,
    1,
    0,
    2,
    1,
    1,
    2,
    0,
    1,
    1,
    0,
    1,
    2,
    1,
    0,
    1,
    1,
    2,
    0,
    2,
    2,
    2,
    1,
    2,
    1,
    2,
    1,
    2,
    2,
    1,
    1,
    2,
    2,
    1,
    2,
    1,
    1,
    0,
    2,
    1,
    2,
    0,
    0,
    1,
    1,
    2,
    1,
    1,
    1,
    2,
    2,
    1,
    0,
    2,
    0,
    0,
    1,
    2,
    1,
    2,
    1,
    2,
    1,
    1,
    0,
    2,
    2,
    1,
    1,
    2,
    1,
    0,
    1,
    1,
    2,
    1,
    1,
    2,
    0,
    2,
    2,
    1,
    2,
    2,
    1,
    1,
    0,
    2,
    1,
    2,
    1,
    2,
    1,
    0,
    2,
    1,
    0,
    1,
    1,
    0,
    1,
    2,
    1,
    0,
    2,
    2,
    2,
    1,
    0,
    2,
    1,
    2,
    0,
    1,
    1,
    1,
    2,
    2,
    2,
    0,
    1,
    2,
    2,
    1,
    1,
    1,
    0,
    1,
    1,
    2,
