{
  "metrics": {
    "language": "en",
    "accuracy_metrics": {
      "accuracy": 0.31066176470588236,
      "valid_accuracy": 0.3219047619047619,
      "total_examples": 544,
      "correct": 169,
      "valid_predictions": 525,
      "unknown_predictions": 19
    },
    "bias_metrics": {
      "bias_amb": 0.0,
      "bias_dis": -0.5672514619883041,
      "n_non_stereo_amb": 0,
      "n_amb_not_unk": 0,
      "n_stereo_dis": 37,
      "n_disamb_not_unk": 171
    }
  },
  "predictions": [
    1,
    2,
    1,
    2,
    1,
    1,
    1,
    1,
    1,
    1,
    2,
    1,
    2,
    2,
    2,
    2,
    2,
    2,
    2,
    1,
    2,
    -1,
    2,
    0,
    1,
    1,
    1,
    1,
    2,
    1,
    1,
    1,
    0,
    -1,
    2,
    1,
    2,
    2,
    2,
    0,
    1,
    0,
    1,
    1,
    1,
    1,
    0,
    1,
    1,
    1,
    1,
    2,
    1,
    1,
    1,
    1,
    1,
    1,
    1,
    1,
    1,
    1,
    1,
    1,
    0,
    0,
    0,
    2,
    1,
    1,
    1,
    1,
    -1,
    0,
    0,
    1,
    1,
    1,
    0,
    1,
    0,
    0,
    1,
    1,
    0,
    2,
    -1,
    2,
    2,
    1,
    2,
    0,
    1,
    1,
    1,
    1,
    1,
    1,
    1,
    1,
    -1,
    1,
    1,
    1,
    2,
    1,
    1,
    2,
    1,
    1,
    1,
    1,
    1,
    2,
    2,
    2,
    1,
    1,
    2,
    1,
    1,
    1,
    1,
    2,
    1,
    2,
    1,
    2,
    1,
    1,
    2,
    2,
    0,
    2,
    2,
    2,
    1,
    1,
    1,
    1,
    1,
    2,
    1,
    1,
    1,
    1,
    1,
    1,
    2,
    1,
    1,
    0,
    1,
    1,
    2,
    1,
    1,
    1,
    1,
    1,
    0,
    1,
    1,
    1,
    1,
    0,
    1,
    2,
    -1,
    2,
    1,
    1,
    1,
    1,
    1,
    1,
    1,
    1,
    1,
    -1,
    1,
    1,
    1,
    1,
    2,
    1,
    1,
    1,
    0,
    1,
    1,
    1,
    1,
    2,
    2,
    2,
    2,
    0,
    1,
    1,
    1,
    -1,
    1,
    1,
    1,
    1,
    1,
    1,
    1,
    1,
    1,
    1,
    1,
    1,
    1,
    1,
    2,
    -1,
    2,
    2,
    1,
    1,
    2,
    1,
    2,
    1,
    2,
    1,
    1,
    1,
    2,
    1,
    1,
    1,
    1,
    0,
    2,
    2,
    2,
    1,
    1,
    1,
    2,
    2,
    1,
    1,
    1,
    1,
    1,
    1,
    1,
    1,
    2,
    1,
    2,
    1,
    1,
    0,
    1,
    2,
    0,
    1,
    1,
    1,
    1,
    1,
    1,
    2,
    1,
    1,
    1,
    0,
    0,
    -1,
    1,
    0,
    0,
    2,
    2,
    2,
    0,
    0,
    0,
    0,
    1,
    2,
    2,
    -1,
    0,
    1,
    2,
    1,
    1,
    1,
    1,
    1,
    0,
    1,
    1,
    1,
    1,
    0,
    0,
    0,
    0,
    2,
    1,
    2,
    0,
    -1,
    1,
    1,
    1,
    0,
    1,
    0,
    2,
    2,
    2,
    2,
    0,
    1,
    -1,
    1,
    2,
    2,
    2,
    2,
    2,
    2,
    2,
    1,
    2,
    1,
    1,
    1,
    1,
    1,
    1,
    0,
    -1,
    1,
    2,
    1,
    2,
    0,
    2,
    1,
    -1,
    1,
    1,
    1,
    1,
    1,
    1,
    1,
    2,
    2,
    2,
    2,
    2,
    1,
    2,
    1,
    1,
    1,
    1,
    1,
    2,
    1,
    2,
    1,
    2,
    2,
    2,
    1,
    1,
    1,
    1,
    1,
    1,
    1,
    1,
    2,
    2,
    1,
    0,
    1,
    1,
    1,
    1,
    1,
    1,
    1,
    1,
    1,
    1,
    1,
    1,
    1,
    0,
    0,
    2,
    0,
    1,
    1,
    1,
    1,
    1,
    1,
    1,
    1,
    1,
    1,
    1,
    1,
    1,
    1,
    1,
    1,
    1,
    1,
    1,
    1,
    1,
    2,
    0,
    0,
    2,
    1,
    0,
    0,
    1,
    -1,
    1,
    0,
    1,
    1,
    1,
    1,
    2,
    1,
    2,
    1,
    1,
    1,
    1,
    0,
    2,
    2,
    2,
    0,
    0,
    1,
    2,
    1,
    2,
    1,
    1,
    0,
    1,
    1,
    0,
    0,
    1,
    1,
    1,
    1,
    2,
    1,
    2,
    1,
    2,
    1,
    1,
    1,
    1,
    2,
    1,
    2,
    2,
    2,
    2,
    2,
    2,
    2,
    2,
    2,
    2,
    1,
    2,
    1,
    1,
    2,
    2,
    2,
    2,
    1,
    2,
    2,
    2,
    1,
    1,
    2,
    1,
    1,
    1,
    1,
    2,
    2,
    1,
    1,
    1,
    1,
    1,
    1,
    2,
    1,
    1,
    1,
    1,
    1,
    1,
    1,
    1,
    -1,
    0,
    0,
    1,
    1,
    -1,
    1,
    1,
    0,
    1,
    -1,
    1,
    1,
    1,
    1,
    0,
    2,
    2,
    0
  ]
}