{
  "metrics": {
    "language": "nl",
    "accuracy_metrics": {
      "accuracy": 0.4421768707482993,
      "valid_accuracy": 0.4421768707482993,
      "total_examples": 1176,
      "correct": 520,
      "valid_predictions": 1176,
      "unknown_predictions": 0
    },
    "bias_metrics": {
      "bias_amb": 0.0,
      "bias_dis": -0.4607843137254902,
      "n_non_stereo_amb": 0,
      "n_amb_not_unk": 0,
      "n_stereo_dis": 110,
      "n_disamb_not_unk": 408
    }
  },
  "predictions": [
    0,
    0,
    2,
    1,
    2,
    1,
    0,
    1,
    1,
    1,
    1,
    1,
    1,
    2,
    2,
    2,
    2,
    2,
    0,
    2,
    1,
    2,
    1,
    2,
    0,
    2,
    0,
    0,
    2,
    0,
    1,
    1,
    1,
    2,
    2,
    2,
    1,
    0,
    1,
    2,
    0,
    2,
    2,
    0,
    0,
    0,
    2,
    2,
    0,
    0,
    0,
    2,
    2,
    2,
    1,
    0,
    0,
    2,
    1,
    0,
    2,
    2,
    1,
    1,
    1,
    1,
    0,
    1,
    2,
    0,
    1,
    2,
    1,
    2,
    2,
    0,
    0,
    2,
    2,
    2,
    1,
    2,
    0,
    0,
    1,
    2,
    0,
    2,
    0,
    1,
    1,
    0,
    0,
    1,
    2,
    1,
    2,
    0,
    1,
    2,
    1,
    2,
    2,
    1,
    0,
    1,
    0,
    0,
    2,
    2,
    1,
    1,
    1,
    0,
    2,
    2,
    2,
    1,
    2,
    1,
    1,
    2,
    1,
    1,
    0,
    1,
    0,
    1,
    0,
    0,
    2,
    2,
    2,
    2,
    1,
    0,
    2,
    1,
    1,
    2,
    2,
    2,
    2,
    0,
    0,
    1,
    0,
    1,
    0,
    2,
    0,
    1,
    1,
    0,
    1,
    1,
    2,
    2,
    2,
    0,
    2,
    0,
    2,
    2,
    0,
    1,
    2,
    0,
    1,
    2,
    2,
    2,
    0,
    1,
    2,
    1,
    0,
    1,
    2,
    2,
    1,
    2,
    0,
    0,
    1,
    2,
    0,
    2,
    0,
    1,
    0,
    2,
    2,
    2,
    0,
    0,
    2,
    2,
    0,
    1,
    2,
    2,
    2,
    1,
    1,
    0,
    0,
    1,
    1,
    0,
    1,
    1,
    1,
    0,
    0,
    1,
    1,
    2,
    0,
    0,
    1,
    2,
    0,
    2,
    2,
    2,
    0,
    0,
    1,
    1,
    2,
    0,
    2,
    1,
    1,
    2,
    0,
    0,
    2,
    2,
    2,
    1,
    0,
    1,
    0,
    1,
    2,
    2,
    2,
    1,
    2,
    2,
    2,
    0,
    0,
    2,
    2,
    2,
    0,
    0,
    2,
    2,
    1,
    1,
    0,
    0,
    0,
    2,
    1,
    0,
    2,
    1,
    2,
    1,
    1,
    1,
    2,
    1,
    0,
    0,
    1,
    0,
    0,
    1,
    1,
    2,
    0,
    0,
    2,
    1,
    2,
    1,
    0,
    1,
    0,
    0,
    1,
    1,
    2,
    1,
    0,
    0,
    0,
    1,
    0,
    1,
    2,
    2,
    2,
    2,
    1,
    1,
    1,
    1,
    0,
    0,
    1,
    1,
    1,
    0,
    1,
    0,
    0,
    1,
    2,
    2,
    2,
    2,
    0,
    1,
    0,
    0,
    1,
    2,
    1,
    0,
    1,
    1,
    0,
    0,
    0,
    0,
    2,
    1,
    0,
    0,
    1,
    1,
    0,
    1,
    1,
    1,
    2,
    2,
    0,
    0,
    0,
    1,
    0,
    0,
    0,
    2,
    1,
    2,
    1,
    0,
    0,
    2,
    1,
    0,
    1,
    2,
    0,
    0,
    2,
    2,
    0,
    1,
    1,
    0,
    2,
    1,
    2,
    1,
    2,
    1,
    2,
    0,
    2,
    1,
    2,
    1,
    2,
    2,
    2,
    1,
    1,
    0,
    2,
    1,
    0,
    1,
    2,
    2,
    0,
    2,
    2,
    1,
    0,
    0,
    2,
    0,
    1,
    0,
    0,
    0,
    2,
    1,
    1,
    0,
    2,
    2,
    2,
    0,
    2,
    0,
    1,
    0,
    1,
    0,
    2,
    0,
    0,
    0,
    1,
    1,
    2,
    1,
    2,
    2,
    1,
    2,
    0,
    0,
    1,
    1,
    2,
    2,
    1,
    2,
    2,
    0,
    2,
    0,
    1,
    0,
    2,
    1,
    2,
    0,
    2,
    0,
    2,
    0,
    0,
    1,
    1,
    1,
    1,
    1,
    1,
    2,
    0,
    2,
    1,
    1,
    0,
    2,
    1,
    1,
    1,
    2,
    2,
    0,
    2,
    0,
    1,
    0,
    0,
    0,
    2,
    0,
    0,
    2,
    2,
    1,
    2,
    1,
    2,
    2,
    2,
    0,
    0,
    1,
    0,
    2,
    0,
    1,
    2,
    2,
    0,
    2,
    0,
    0,
    1,
    1,
    0,
    0,
    1,
    1,
    2,
    2,
    1,
    0,
    1,
    0,
    0,
    0,
    0,
    0,
    0,
    2,
    2,
    0,
    2,
    0,
    0,
    0,
    0,
    2,
    2,
    2,
    2,
    2,
    2,
    2,
    2,
    0,
    1,
    0,
    0,
    1,
    1,
    2,
    0,
    1,
    1,
    2,
    1,
    1,
    2,
    1,
    1,
    2,
    0,
    2,
    2,
    1,
    0,
    1,
    1,
    1,
    2,
    2,
    0,
    2,
    0,
    2,
    2,
    2,
    2,
    2,
    0,
    1,
    2,
    2,
    2,
    2,
    0,
    1,
    0,
    0,
    1,
    2,
    1,
    1,
    0,
    0,
    2,
    0,
    0,
    2,
    0,
    2,
    1,
    1,
    1,
    1,
    1,
    1,
    2,
    0,
    1,
    1,
    1,
    2,
    0,
    0,
    2,
    2,
    0,
    1,
    0,
    0,
    0,
    1,
    0,
    0,
    2,
    2,
    0,
    1,
    2,
    0,
    0,
    0,
    0,
    1,
    0,
    0,
    2,
    1,
    1,
    0,
    0,
    0,
    2,
    2,
    0,
    0,
    1,
    2,
    0,
    2,
    0,
    0,
    2,
    1,
    1,
    0,
    0,
    2,
    2,
    1,
    2,
    2,
    2,
    0,
    0,
    1,
    0,
    0,
    0,
    2,
    1,
    0,
    2,
    2,
    0,
    2,
    1,
    1,
    0,
    2,
    1,
    2,
    0,
    1,
    1,
    1,
    2,
    2,
    2,
    1,
    0,
    0,
    0,
    2,
    2,
    1,
    0,
    2,
    0,
    1,
    0,
    1,
    1,
    2,
    2,
    1,
    2,
    0,
    0,
    1,
    2,
    2,
    0,
    1,
    0,
    0,
    1,
    1,
    0,
    0,
    0,
    2,
    2,
    2,
    1,
    2,
    0,
    2,
    2,
    0,
    0,
    0,
    2,
    2,
    1,
    1,
    2,
    0,
    0,
    1,
    0,
    0,
    0,
    0,
    1,
    2,
    0,
    0,
    1,
    1,
    2,
    0,
    2,
    1,
    0,
    0,
    2,
    0,
    2,
    0,
    2,
    1,
    0,
    2,
    2,
    2,
    1,
    0,
    0,
    1,
    2,
    0,
    2,
    2,
    0,
    2,
    1,
    1,
    1,
    1,
    2,
    0,
    1,
    0,
    1,
    2,
    0,
    0,
    0,
    2,
    0,
    1,
    0,
    0,
    1,
    0,
    2,
    0,
    2,
    2,
    2,
    1,
    1,
    2,
    1,
    1,
    2,
    1,
    1,
    0,
    2,
    2,
    2,
    1,
    2,
    2,
    2,
    2,
    0,
    1,
    1,
    2,
    1,
    0,
    1,
    2,
    1,
    2,
    0,
    2,
    1,
    0,
    2,
    1,
    2,
    2,
    1,
    1,
    0,
    0,
    1,
    1,
    2,
    2,
    2,
    0,
    1,
    2,
    2,
    2,
    0,
    0,
    2,
    2,
    0,
    0,
    0,
    0,
    0,
    0,
    1,
    1,
    1,
    1,
    2,
    2,
    2,
    2,
    0,
    2,
    0,
    0,
    1,
    0,
    0,
    0,
    0,
    0,
    0,
    2,
    2,
    1,
    0,
    1,
    1,
    1,
    1,
    1,
    1,
    1,
    2,
    2,
    2,
    2,
    0,
    1,
    1,
    2,
    0,
    1,
    1,
    2,
    1,
    0,
    1,
    0,
    1,
    2,
    2,
    0,
    1,
    0,
    0,
    1,
    0,
    0,
    0,
    0,
    1,
    0,
    0,
    0,
    2,
    0,
    2,
    1,
    1,
    1,
    0,
    2,
    0,
    2,
    2,
    1,
    2,
    2,
    1,
    0,
    2,
    0,
    1,
    1,
    0,
    2,
    2,
    1,
    0,
    0,
    0,
    0,
    0,
    0,
    0,
    1,
    2,
    0,
    0,
    2,
    2,
    0,
    2,
    0,
    0,
    1,
    2,
    1,
    1,
    0,
    0,
    0,
    2,
    2,
    0,
    1,
    1,
    0,
    0,
    2,
    2,
    2,
    1,
    2,
    2,
    1,
    2,
    0,
    1,
    2,
    0,
    0,
    0,
    2,
    1,
    2,
    2,
    2,
    1,
    0,
    2,
    2,
    0,
    0,
    0,
    1,
    1,
    2,
    1,
    1,
    2,
    2,
    0,
    0,
    2,
    1,
    2,
    1,
    1,
    1,
    1,
    2,
    0,
    0,
    0,
    2,
    0,
    1,
    1,
    2,
    0,
    0,
    2,
    0,
    0,
    2,
    1,
    0,
    1,
    0,
    2,
    2,
    1,
    2,
    1,
    0,
    1,
    0,
    0,
    1,
    0,
    2,
    0,
    2,
    2,
    0,
    0,
    2,
    1,
    0,
    0,
    2,
    0,
    0,
    2,
    2,
    2,
    0,
    0,
    2,
