{
  "metrics": {
    "language": "es",
    "accuracy_metrics": {
      "accuracy": 0.5439814814814815,
      "valid_accuracy": 0.5439814814814815,
      "total_examples": 1296,
      "correct": 705,
      "valid_predictions": 1296,
      "unknown_predictions": 0
    },
    "bias_metrics": {
      "bias_amb": 0.0,
      "bias_dis": -0.3625866050808314,
      "n_non_stereo_amb": 0,
      "n_amb_not_unk": 0,
      "n_stereo_dis": 138,
      "n_disamb_not_unk": 433
    }
  },
  "predictions": [
    0,
    0,
    1,
    1,
    2,
    2,
    1,
    2,
    1,
    1,
    0,
    1,
    1,
    0,
    2,
    0,
    0,
    0,
    1,
    1,
    2,
    0,
    2,
    1,
    2,
    2,
    1,
    0,
    0,
    2,
    1,
    2,
    0,
    1,
    0,
    1,
    1,
    0,
    1,
    2,
    2,
    0,
    1,
    0,
    0,
    0,
    0,
    1,
    2,
    0,
    0,
    1,
    1,
    0,
    2,
    1,
    1,
    1,
    1,
    0,
    2,
    1,
    0,
    2,
    2,
    2,
    2,
    1,
    0,
    2,
    2,
    1,
    2,
    0,
    2,
    1,
    0,
    0,
    1,
    2,
    1,
    1,
    2,
    0,
    0,
    2,
    0,
    2,
    2,
    0,
    0,
    2,
    2,
    2,
    2,
    0,
    2,
    2,
    2,
    2,
    2,
    1,
    2,
    0,
    2,
    0,
    1,
    1,
    2,
    2,
    2,
    1,
    2,
    1,
    0,
    1,
    0,
    2,
    0,
    2,
    2,
    2,
    0,
    0,
    2,
    2,
    2,
    2,
    2,
    1,
    1,
    2,
    2,
    2,
    2,
    2,
    1,
    1,
    2,
    0,
    0,
    2,
    0,
    2,
    0,
    2,
    1,
    1,
    1,
    2,
    2,
    0,
    1,
    2,
    0,
    2,
    2,
    2,
    0,
    1,
    0,
    2,
    0,
    1,
    0,
    1,
    1,
    2,
    1,
    0,
    1,
    1,
    2,
    2,
    2,
    0,
    1,
    1,
    0,
    2,
    1,
    1,
    0,
    2,
    2,
    2,
    2,
    0,
    1,
    0,
    0,
    2,
    1,
    2,
    1,
    1,
    2,
    0,
    2,
    1,
    0,
    0,
    2,
    2,
    1,
    0,
    2,
    0,
    0,
    0,
    2,
    0,
    1,
    0,
    0,
    0,
    2,
    2,
    1,
    1,
    2,
    1,
    1,
    2,
    2,
    1,
    1,
    2,
    2,
    0,
    0,
    2,
    2,
    0,
    2,
    1,
    2,
    2,
    2,
    2,
    1,
    1,
    1,
    1,
    2,
    1,
    1,
    0,
    0,
    0,
    1,
    1,
    2,
    1,
    2,
    0,
    0,
    2,
    2,
    0,
    2,
    2,
    0,
    0,
    2,
    0,
    2,
    2,
    2,
    0,
    2,
    0,
    0,
    1,
    0,
    1,
    1,
    2,
    0,
    2,
    1,
    2,
    1,
    0,
    0,
    0,
    2,
    0,
    0,
    1,
    0,
    2,
    2,
    1,
    1,
    0,
    0,
    2,
    2,
    2,
    1,
    2,
    0,
    1,
    1,
    2,
    0,
    2,
    1,
    1,
    1,
    0,
    2,
    1,
    0,
    1,
    0,
    1,
    1,
    0,
    1,
    2,
    1,
    0,
    0,
    0,
    0,
    2,
    2,
    2,
    2,
    0,
    1,
    1,
    1,
    2,
    0,
    0,
    2,
    2,
    0,
    0,
    0,
    2,
    0,
    2,
    1,
    2,
    2,
    2,
    1,
    2,
    2,
    0,
    2,
    0,
    0,
    2,
    1,
    2,
    2,
    1,
    2,
    0,
    2,
    2,
    1,
    2,
    0,
    2,
    1,
    1,
    0,
    2,
    0,
    0,
    0,
    1,
    1,
    2,
    1,
    1,
    1,
    2,
    0,
    1,
    0,
    1,
    2,
    1,
    2,
    2,
    1,
    2,
    0,
    0,
    2,
    2,
    1,
    0,
    0,
    1,
    0,
    2,
    0,
    0,
    0,
    1,
    1,
    1,
    2,
    1,
    1,
    1,
    1,
    2,
    1,
    1,
    1,
    2,
    2,
    1,
    2,
    0,
    1,
    1,
    0,
    1,
    1,
    2,
    0,
    1,
    1,
    0,
    0,
    0,
    0,
    1,
    1,
    0,
    2,
    2,
    0,
    0,
    2,
    2,
    0,
    1,
    1,
    0,
    2,
    1,
    2,
    0,
    2,
    1,
    0,
    2,
    2,
    0,
    0,
    1,
    1,
    0,
    1,
    1,
    0,
    0,
    1,
    2,
    2,
    0,
    2,
    2,
    1,
    2,
    1,
    1,
    0,
    1,
    2,
    2,
    1,
    2,
    2,
    0,
    1,
    2,
    2,
    1,
    1,
    0,
    2,
    2,
    1,
    0,
    1,
    2,
    1,
    2,
    1,
    1,
    1,
    2,
    2,
    2,
    2,
    1,
    0,
    2,
    2,
    1,
    0,
    0,
    0,
    0,
    1,
    1,
    0,
    2,
    0,
    2,
    2,
    0,
    1,
    2,
    0,
    0,
    2,
    0,
    1,
    2,
    0,
    0,
    0,
    2,
    0,
    2,
    0,
    0,
    1,
    0,
    2,
    2,
    0,
    0,
    0,
    0,
    1,
    0,
    0,
    1,
    2,
    1,
    2,
    1,
    2,
    2,
    0,
    0,
    2,
    1,
    0,
    1,
    0,
    1,
    2,
    2,
    2,
    1,
    0,
    1,
    1,
    2,
    2,
    1,
    2,
    2,
    0,
    2,
    1,
    2,
    1,
    2,
    0,
    2,
    2,
    2,
    2,
    2,
    2,
    0,
    1,
    2,
    2,
    1,
    2,
    2,
    0,
    1,
    0,
    0,
    0,
    0,
    0,
    0,
    0,
    2,
    0,
    2,
    2,
    1,
    1,
    0,
    1,
    2,
    0,
    0,
    1,
    2,
    1,
    1,
    2,
    1,
    1,
    2,
    2,
    1,
    0,
    1,
    0,
    1,
    1,
    2,
    2,
    0,
    1,
    2,
    2,
    0,
    0,
    0,
    0,
    0,
    0,
    1,
    1,
    2,
    1,
    0,
    1,
    2,
    0,
    0,
    2,
    0,
    1,
    1,
    1,
    1,
    0,
    1,
    2,
    1,
    2,
    0,
    2,
    1,
    1,
    2,
    1,
    0,
    2,
    0,
    2,
    0,
    2,
    1,
    0,
    2,
    1,
    2,
    0,
    1,
    2,
    2,
    2,
    0,
    1,
    1,
    0,
    0,
    2,
    1,
    0,
    2,
    0,
    1,
    0,
    2,
    0,
    1,
    0,
    1,
    0,
    1,
    0,
    1,
    2,
    2,
    2,
    0,
    2,
    1,
    2,
    0,
    2,
    1,
    0,
    1,
    1,
    0,
    2,
    2,
    2,
    2,
    2,
    0,
    1,
    2,
    0,
    2,
    0,
    0,
    1,
    2,
    0,
    0,
    2,
    2,
    1,
    2,
    0,
    2,
    1,
    2,
    0,
    0,
    0,
    0,
    1,
    0,
    1,
    0,
    2,
    2,
    1,
    2,
    2,
    1,
    2,
    1,
    2,
    1,
    2,
    2,
    1,
    1,
    0,
    0,
    2,
    0,
    0,
    0,
    2,
    2,
    2,
    2,
    0,
    2,
    0,
    2,
    1,
    1,
    1,
    2,
    2,
    1,
    2,
    2,
    0,
    0,
    2,
    1,
    0,
    0,
    2,
    1,
    1,
    0,
    0,
    1,
    1,
    1,
    0,
    1,
    2,
    0,
    0,
    1,
    2,
    2,
    1,
    2,
    0,
    1,
    2,
    1,
    2,
    1,
    2,
    0,
    0,
    1,
    0,
    2,
    2,
    2,
    2,
    0,
    1,
    0,
    2,
    2,
    2,
    1,
    2,
    0,
    0,
    0,
    0,
    1,
    2,
    1,
    0,
    0,
    2,
    2,
    0,
    1,
    1,
    0,
    0,
    1,
    1,
    0,
    2,
    0,
    2,
    0,
    0,
    2,
    2,
    2,
    2,
    0,
    1,
    1,
    0,
    1,
    1,
    2,
    2,
    1,
    0,
    1,
    2,
    0,
    1,
    2,
    0,
    0,
    1,
    2,
    1,
    0,
    1,
    2,
    1,
    0,
    2,
    0,
    2,
    1,
    2,
    0,
    1,
    2,
    0,
    1,
    2,
    0,
    2,
    1,
    1,
    0,
    1,
    2,
    2,
    1,
    2,
    2,
    1,
    0,
    2,
    2,
    1,
    0,
    1,
    1,
    2,
    0,
    2,
    0,
    0,
    0,
    0,
    0,
    1,
    0,
    1,
    2,
    2,
    0,
    2,
    2,
    2,
    1,
    2,
    2,
    2,
    2,
    2,
    1,
    1,
    2,
    1,
    2,
    0,
    1,
    0,
    2,
    0,
    2,
    0,
    1,
    2,
    1,
    0,
    2,
    0,
    2,
    2,
    2,
    2,
    1,
    1,
    1,
    2,
    1,
    0,
    0,
    0,
    2,
    0,
    2,
    2,
    2,
    0,
    0,
    1,
    2,
    0,
    2,
    1,
    0,
    2,
    0,
    2,
    1,
    0,
    2,
    2,
    1,
    2,
    0,
    2,
    1,
    0,
    2,
    0,
    1,
    0,
    2,
    0,
    2,
    0,
    1,
    2,
    2,
    2,
    1,
    2,
    0,
    1,
    2,
    1,
    2,
    0,
    2,
    0,
    2,
    1,
    1,
    2,
    2,
    1,
    1,
    1,
    0,
    1,
    1,
    0,
    2,
    1,
    0,
    2,
    2,
    0,
    1,
    2,
    0,
    2,
    2,
    2,
    2,
    1,
    0,
    2,
    1,
    0,
    0,
    2,
    0,
    2,
    2,
    2,
    0,
    0,
    1,
    0,
    1,
    0,
    1,
    0,
    0,
    2,
    2,
    2,
    1,
    2,
    2,
