{
  "metrics": {
    "language": "en",
    "accuracy_metrics": {
      "accuracy": 0.5648148148148148,
      "valid_accuracy": 0.5652509652509653,
      "total_examples": 1296,
      "correct": 732,
      "valid_predictions": 1295,
      "unknown_predictions": 1
    },
    "bias_metrics": {
      "bias_amb": 0.0,
      "bias_dis": -0.35198135198135194,
      "n_non_stereo_amb": 0,
      "n_amb_not_unk": 0,
      "n_stereo_dis": 139,
      "n_disamb_not_unk": 429
    }
  },
  "predictions": [
    0,
    2,
    1,
    1,
    0,
    1,
    0,
    0,
    0,
    1,
    0,
    1,
    0,
    2,
    0,
    0,
    0,
    1,
    2,
    0,
    2,
    0,
    0,
    1,
    2,
    0,
    0,
    2,
    0,
    0,
    2,
    1,
    0,
    2,
    2,
    1,
    0,
    2,
    1,
    1,
    0,
    0,
    1,
    2,
    2,
    1,
    0,
    0,
    2,
    0,
    0,
    0,
    2,
    1,
    2,
    0,
    0,
    0,
    1,
    1,
    1,
    1,
    0,
    0,
    0,
    1,
    1,
    0,
    2,
    1,
    2,
    0,
    0,
    2,
    0,
    2,
    1,
    0,
    1,
    0,
    1,
    2,
    0,
    0,
    1,
    0,
    2,
    1,
    0,
    2,
    1,
    0,
    2,
    0,
    0,
    1,
    2,
    0,
    0,
    1,
    0,
    0,
    2,
    1,
    2,
    2,
    1,
    0,
    1,
    0,
    0,
    1,
    0,
    1,
    2,
    0,
    2,
    0,
    0,
    1,
    1,
    2,
    0,
    0,
    0,
    0,
    2,
    0,
    1,
    2,
    2,
    1,
    1,
    0,
    1,
    0,
    1,
    0,
    1,
    0,
    1,
    0,
    1,
    0,
    0,
    1,
    2,
    0,
    1,
    0,
    0,
    1,
    2,
    2,
    2,
    1,
    2,
    0,
    2,
    1,
    0,
    0,
    1,
    0,
    1,
    0,
    0,
    0,
    0,
    2,
    1,
    0,
    0,
    0,
    1,
    0,
    1,
    2,
    1,
    0,
    2,
    1,
    2,
    0,
    0,
    1,
    0,
    0,
    2,
    1,
    2,
    2,
    0,
    2,
    1,
    0,
    1,
    0,
    1,
    2,
    1,
    0,
    2,
    0,
    2,
    2,
    2,
    0,
    1,
    1,
    0,
    2,
    2,
    0,
    1,
    0,
    0,
    1,
    0,
    2,
    1,
    0,
    0,
    2,
    0,
    0,
    1,
    0,
    0,
    1,
    0,
    1,
    1,
    0,
    0,
    0,
    2,
    0,
    0,
    0,
    0,
    2,
    0,
    0,
    0,
    2,
    0,
    1,
    0,
    1,
    0,
    2,
    0,
    2,
    1,
    0,
    1,
    0,
    0,
    2,
    1,
    1,
    1,
    0,
    1,
    1,
    2,
    1,
    0,
    1,
    2,
    1,
    1,
    0,
    0,
    0,
    0,
    0,
    0,
    1,
    0,
    0,
    0,
    1,
    0,
    0,
    1,
    1,
    2,
    2,
    0,
    1,
    1,
    0,
    2,
    0,
    0,
    1,
    2,
    0,
    0,
    0,
    0,
    2,
    0,
    2,
    0,
    2,
    1,
    1,
    2,
    0,
    1,
    1,
    0,
    2,
    0,
    2,
    0,
    0,
    2,
    0,
    1,
    0,
    0,
    2,
    2,
    0,
    2,
    2,
    1,
    0,
    1,
    2,
    2,
    1,
    2,
    0,
    2,
    1,
    2,
    0,
    2,
    1,
    0,
    2,
    0,
    0,
    0,
    1,
    0,
    2,
    1,
    1,
    1,
    1,
    1,
    2,
    2,
    1,
    0,
    1,
    0,
    2,
    1,
    1,
    0,
    0,
    1,
    1,
    0,
    1,
    0,
    0,
    0,
    1,
    0,
    0,
    1,
    1,
    2,
    1,
    2,
    0,
    0,
    1,
    0,
    2,
    2,
    2,
    2,
    0,
    2,
    0,
    1,
    2,
    0,
    2,
    1,
    0,
    0,
    0,
    1,
    2,
    0,
    1,
    2,
    1,
    0,
    0,
    0,
    1,
    1,
    1,
    1,
    2,
    0,
    1,
    0,
    2,
    1,
    1,
    0,
    2,
    0,
    0,
    2,
    1,
    2,
    1,
    0,
    1,
    2,
    1,
    0,
    0,
    0,
    1,
    0,
    0,
    0,
    2,
    1,
    1,
    0,
    1,
    2,
    0,
    1,
    0,
    0,
    2,
    2,
    0,
    1,
    1,
    0,
    0,
    1,
    1,
    0,
    0,
    1,
    0,
    0,
    0,
    1,
    1,
    2,
    2,
    2,
    0,
    2,
    0,
    0,
    0,
    0,
    2,
    0,
    0,
    1,
    1,
    0,
    0,
    0,
    2,
    1,
    0,
    2,
    2,
    1,
    0,
    0,
    0,
    1,
    2,
    0,
    0,
    2,
    0,
    1,
    1,
    2,
    2,
    2,
    0,
    1,
    1,
    2,
    2,
    1,
    0,
    2,
    1,
    1,
    2,
    2,
    2,
    2,
    1,
    2,
    0,
    1,
    2,
    1,
    1,
    0,
    0,
    1,
    0,
    0,
    2,
    2,
    2,
    0,
    1,
    2,
    1,
    1,
    0,
    0,
    0,
    1,
    0,
    1,
    1,
    0,
    0,
    1,
    1,
    0,
    2,
    1,
    1,
    2,
    1,
    1,
    2,
    1,
    1,
    2,
    1,
    0,
    2,
    2,
    0,
    0,
    2,
    2,
    0,
    0,
    2,
    2,
    1,
    2,
    2,
    0,
    0,
    1,
    1,
    1,
    2,
    2,
    0,
    2,
    1,
    0,
    2,
    0,
    1,
    1,
    0,
    2,
    1,
    0,
    2,
    1,
    1,
    0,
    1,
    0,
    0,
    2,
    0,
    1,
    2,
    2,
    0,
    2,
    2,
    0,
    2,
    0,
    0,
    2,
    1,
    2,
    2,
    2,
    2,
    0,
    1,
    0,
    2,
    1,
    1,
    2,
    1,
    2,
    1,
    2,
    2,
    0,
    0,
    0,
    2,
    0,
    1,
    0,
    0,
    0,
    1,
    0,
    2,
    0,
    1,
    0,
    0,
    0,
    2,
    0,
    1,
    2,
    1,
    1,
    2,
    2,
    0,
    0,
    0,
    1,
    0,
    0,
    1,
    0,
    0,
    1,
    1,
    1,
    0,
    1,
    0,
    0,
    1,
    1,
    2,
    2,
    2,
    2,
    0,
    2,
    1,
    1,
    2,
    2,
    1,
    0,
    0,
    0,
    1,
    1,
    0,
    1,
    2,
    2,
    1,
    2,
    1,
    0,
    0,
    0,
    0,
    2,
    1,
    0,
    1,
    0,
    0,
    1,
    1,
    2,
    1,
    1,
    1,
    0,
    1,
    2,
    0,
    2,
    1,
    0,
    1,
    0,
    0,
    0,
    1,
    0,
    0,
    2,
    0,
    0,
    1,
    0,
    0,
    0,
    0,
    0,
    0,
    2,
    1,
    0,
    2,
    0,
    1,
    2,
    0,
    2,
    2,
    2,
    2,
    0,
    2,
    0,
    0,
    0,
    2,
    1,
    0,
    0,
    0,
    1,
    0,
    0,
    2,
    0,
    1,
    0,
    2,
    2,
    2,
    2,
    2,
    0,
    2,
    0,
    1,
    0,
    0,
    2,
    1,
    0,
    2,
    1,
    0,
    1,
    1,
    2,
    0,
    1,
    1,
    1,
    2,
    0,
    0,
    0,
    2,
    0,
    0,
    2,
    1,
    0,
    0,
    2,
    1,
    1,
    2,
    1,
    1,
    1,
    2,
    0,
    2,
    1,
    2,
    1,
    2,
    0,
    1,
    1,
    2,
    2,
    2,
    2,
    1,
    2,
    0,
    2,
    0,
    0,
    2,
    0,
    0,
    1,
    0,
    2,
    2,
    2,
    2,
    1,
    2,
    2,
    1,
    2,
    2,
    1,
    2,
    0,
    1,
    2,
    0,
    1,
    1,
    1,
    0,
    0,
    2,
    0,
    0,
    2,
    2,
    0,
    1,
    1,
    0,
    0,
    1,
    0,
    1,
    0,
    0,
    0,
    0,
    2,
    0,
    2,
    2,
    1,
    1,
    0,
    1,
    1,
    2,
    1,
    0,
    2,
    1,
    1,
    0,
    1,
    1,
    2,
    0,
    2,
    1,
    0,
    2,
    0,
    2,
    1,
    1,
    2,
    0,
    1,
    2,
    0,
    0,
    1,
    1,
    1,
    0,
    0,
    2,
    0,
    0,
    0,
    0,
    1,
    0,
    2,
    1,
    0,
    0,
    0,
    0,
    2,
    1,
    1,
    0,
    1,
    0,
    0,
    1,
    0,
    0,
    0,
    1,
    0,
    2,
    0,
    0,
    0,
    0,
    0,
    1,
    0,
    2,
    0,
    1,
    1,
    2,
    0,
    0,
    1,
    2,
    1,
    2,
    1,
    0,
    1,
    1,
    1,
    1,
    0,
    2,
    0,
    2,
    0,
    0,
    1,
    2,
    1,
    2,
    0,
    2,
    0,
    2,
    1,
    2,
    1,
    0,
    0,
    1,
    0,
    2,
    1,
    0,
    1,
    0,
    1,
    2,
    1,
    1,
    0,
    0,
    0,
    2,
    0,
    1,
    2,
    0,
    0,
    2,
    0,
    2,
    1,
    0,
    1,
    0,
    0,
    0,
    0,
    1,
    2,
    0,
    0,
    0,
    0,
    0,
    0,
    1,
    0,
    1,
    0,
    2,
    2,
    0,
    0,
    0,
    2,
    0,
    0,
    2,
    0,
    2,
    1,
    1,
    2,
    0,
    0,
    1,
    0,
    1,
    2,
    1,
    0,
    0,
    2,
    1,
    2,
    2,
    2,
    0,
    0,
    0,
    0,
    1,
    2,
    0,
    0,
    2,
    0,
    1,
    0,
    2,
    1,
    2,
    1,
    0,
    0,
    2,
    2,
