{
  "metrics": {
    "language": "tr",
    "accuracy_metrics": {
      "accuracy": 0.44727891156462585,
      "valid_accuracy": 0.44804088586030666,
      "total_examples": 1176,
      "correct": 526,
      "valid_predictions": 1174,
      "unknown_predictions": 2
    },
    "bias_metrics": {
      "bias_amb": 0.0,
      "bias_dis": -0.4019607843137255,
      "n_non_stereo_amb": 0,
      "n_amb_not_unk": 0,
      "n_stereo_dis": 122,
      "n_disamb_not_unk": 408
    }
  },
  "predictions": [
    0,
    2,
    1,
    1,
    2,
    1,
    2,
    0,
    2,
    0,
    0,
    2,
    2,
    1,
    2,
    0,
    0,
    2,
    2,
    2,
    0,
    0,
    0,
    0,
    2,
    2,
    2,
    1,
    0,
    1,
    2,
    2,
    1,
    1,
    1,
    0,
    2,
    0,
    1,
    2,
    0,
    0,
    2,
    0,
    0,
    1,
    0,
    0,
    1,
    2,
    0,
    0,
    1,
    1,
    0,
    0,
    2,
    0,
    2,
    1,
    0,
    1,
    1,
    2,
    2,
    2,
    1,
    0,
    2,
    2,
    2,
    1,
    1,
    0,
    1,
    2,
    2,
    1,
    1,
    0,
    1,
    0,
    2,
    1,
    1,
    1,
    1,
    2,
    2,
    0,
    1,
    2,
    0,
    0,
    1,
    1,
    0,
    1,
    2,
    2,
    2,
    0,
    0,
    1,
    1,
    2,
    2,
    2,
    1,
    2,
    0,
    0,
    1,
    0,
    0,
    1,
    0,
    0,
    2,
    2,
    1,
    2,
    2,
    2,
    0,
    1,
    2,
    0,
    1,
    2,
    0,
    0,
    2,
    0,
    2,
    2,
    2,
    0,
    2,
    0,
    2,
    2,
    1,
    1,
    0,
    2,
    2,
    1,
    1,
    1,
    1,
    2,
    1,
    0,
    1,
    1,
    2,
    1,
    0,
    1,
    1,
    0,
    1,
    0,
    2,
    2,
    0,
    1,
    1,
    1,
    1,
    2,
    1,
    1,
    1,
    1,
    2,
    1,
    0,
    2,
    0,
    0,
    1,
    1,
    2,
    0,
    2,
    2,
    1,
    0,
    0,
    2,
    2,
    2,
    0,
    0,
    2,
    2,
    1,
    2,
    1,
    1,
    1,
    1,
    2,
    0,
    2,
    1,
    1,
    0,
    0,
    0,
    0,
    2,
    0,
    1,
    0,
    0,
    1,
    0,
    2,
    1,
    1,
    2,
    1,
    1,
    0,
    2,
    2,
    2,
    2,
    2,
    1,
    0,
    1,
    1,
    0,
    1,
    2,
    0,
    2,
    1,
    0,
    0,
    0,
    2,
    1,
    0,
    2,
    2,
    1,
    1,
    1,
    0,
    1,
    2,
    0,
    2,
    0,
    1,
    1,
    1,
    1,
    2,
    0,
    1,
    2,
    0,
    0,
    0,
    2,
    1,
    0,
    1,
    1,
    0,
    2,
    1,
    0,
    2,
    0,
    0,
    1,
    2,
    0,
    2,
    0,
    0,
    1,
    0,
    1,
    2,
    1,
    1,
    2,
    0,
    1,
    2,
    0,
    0,
    1,
    1,
    2,
    1,
    0,
    0,
    2,
    2,
    0,
    1,
    0,
    2,
    2,
    1,
    0,
    2,
    2,
    0,
    0,
    2,
    0,
    2,
    2,
    0,
    1,
    1,
    1,
    0,
    2,
    2,
    1,
    0,
    0,
    2,
    2,
    1,
    2,
    0,
    0,
    2,
    2,
    0,
    1,
    1,
    0,
    1,
    1,
    0,
    2,
    0,
    1,
    2,
    1,
    2,
    1,
    2,
    2,
    2,
    0,
    1,
    0,
    2,
    2,
    0,
    2,
    1,
    2,
    2,
    1,
    1,
    2,
    0,
    2,
    0,
    2,
    0,
    2,
    1,
    2,
    2,
    0,
    1,
    2,
    2,
    0,
    0,
    0,
    2,
    1,
    2,
    1,
    0,
    2,
    2,
    2,
    1,
    2,
    0,
    1,
    2,
    1,
    0,
    1,
    2,
    1,
    2,
    1,
    1,
    2,
    0,
    2,
    0,
    0,
    0,
    1,
    1,
    2,
    2,
    2,
    2,
    1,
    2,
    2,
    2,
    1,
    2,
    2,
    1,
    1,
    0,
    2,
    2,
    0,
    0,
    1,
    0,
    2,
    2,
    2,
    2,
    0,
    2,
    0,
    1,
    2,
    0,
    1,
    2,
    0,
    0,
    2,
    0,
    0,
    2,
    0,
    2,
    1,
    0,
    0,
    2,
    2,
    1,
    2,
    2,
    1,
    0,
    2,
    2,
    2,
    1,
    2,
    1,
    0,
    2,
    1,
    0,
    1,
    2,
    0,
    0,
    2,
    2,
    0,
    2,
    1,
    1,
    2,
    0,
    2,
    0,
    0,
    1,
    1,
    2,
    1,
    2,
    2,
    0,
    0,
    2,
    0,
    2,
    2,
    0,
    0,
    0,
    0,
    1,
    1,
    1,
    0,
    0,
    0,
    1,
    2,
    1,
    2,
    2,
    0,
    2,
    2,
    0,
    2,
    2,
    1,
    2,
    1,
    2,
    0,
    2,
    0,
    1,
    2,
    2,
    1,
    1,
    1,
    1,
    1,
    1,
    1,
    1,
    0,
    0,
    0,
    2,
    0,
    2,
    1,
    1,
    0,
    2,
    0,
    2,
    1,
    2,
    2,
    1,
    0,
    1,
    0,
    2,
    0,
    2,
    1,
    0,
    2,
    0,
    0,
    0,
    0,
    0,
    0,
    2,
    0,
    1,
    2,
    2,
    1,
    1,
    1,
    0,
    2,
    1,
    1,
    2,
    2,
    2,
    1,
    1,
    1,
    1,
    1,
    2,
    2,
    1,
    0,
    1,
    2,
    0,
    1,
    1,
    2,
    1,
    1,
    0,
    0,
    2,
    0,
    0,
    0,
    1,
    0,
    0,
    0,
    1,
    0,
    1,
    0,
    0,
    0,
    1,
    1,
    2,
    0,
    2,
    0,
    1,
    0,
    2,
    1,
    1,
    1,
    2,
    1,
    1,
    1,
    1,
    0,
    0,
    2,
    0,
    2,
    2,
    1,
    1,
    0,
    0,
    1,
    1,
    2,
    0,
    0,
    1,
    0,
    1,
    1,
    1,
    0,
    1,
    1,
    1,
    0,
    1,
    2,
    2,
    0,
    0,
    0,
    1,
    1,
    1,
    0,
    2,
    1,
    1,
    2,
    1,
    2,
    2,
    0,
    1,
    2,
    1,
    1,
    2,
    0,
    0,
    0,
    1,
    1,
    2,
    1,
    1,
    1,
    2,
    1,
    0,
    0,
    0,
    2,
    0,
    1,
    2,
    1,
    2,
    2,
    1,
    1,
    1,
    0,
    2,
    2,
    2,
    1,
    1,
    0,
    2,
    1,
    1,
    0,
    2,
    1,
    2,
    2,
    0,
    0,
    1,
    2,
    1,
    0,
    2,
    1,
    0,
    1,
    2,
    0,
    2,
    0,
    0,
    0,
    2,
    0,
    1,
    2,
    2,
    0,
    0,
    0,
    0,
    1,
    2,
    0,
    0,
    2,
    1,
    0,
    1,
    2,
    0,
    2,
    1,
    0,
    1,
    2,
    0,
    0,
    0,
    0,
    2,
    1,
    1,
    1,
    1,
    2,
    2,
    1,
    0,
    2,
    2,
    2,
    2,
    0,
    1,
    2,
    0,
    0,
    2,
    0,
    1,
    2,
    0,
    2,
    2,
    2,
    2,
    1,
    2,
    1,
    2,
    1,
    2,
    1,
    1,
    2,
    1,
    2,
    1,
    2,
    2,
    1,
    1,
    1,
    0,
    2,
    2,
    0,
    1,
    1,
    0,
    0,
    2,
    0,
    2,
    0,
    1,
    0,
    -1,
    1,
    2,
    1,
    1,
    2,
    0,
    1,
    0,
    1,
    1,
    0,
    0,
    2,
    1,
    0,
    1,
    2,
    2,
    2,
    2,
    1,
    1,
    1,
    0,
    1,
    0,
    0,
    2,
    1,
    2,
    1,
    0,
    1,
    0,
    0,
    2,
    1,
    0,
    1,
    2,
    1,
    0,
    2,
    1,
    1,
    1,
    0,
    1,
    0,
    0,
    2,
    0,
    0,
    0,
    2,
    0,
    0,
    1,
    0,
    1,
    1,
    1,
    2,
    2,
    1,
    1,
    1,
    2,
    0,
    0,
    0,
    2,
    1,
    0,
    1,
    2,
    0,
    0,
    0,
    1,
    1,
    2,
    1,
    2,
    1,
    1,
    0,
    1,
    0,
    0,
    1,
    1,
    0,
    0,
    1,
    0,
    0,
    2,
    0,
    1,
    0,
    0,
    0,
    2,
    2,
    2,
    1,
    0,
    0,
    1,
    0,
    0,
    2,
    2,
    1,
    1,
    2,
    2,
    1,
    2,
    1,
    0,
    0,
    1,
    1,
    1,
    1,
    0,
    2,
    0,
    0,
    1,
    2,
    1,
    1,
    2,
    1,
    2,
    2,
    2,
    2,
    2,
    0,
    1,
    0,
    2,
    2,
    1,
    2,
    2,
    2,
    0,
    2,
    1,
    2,
    2,
    0,
    0,
    0,
    1,
    0,
    1,
    1,
    2,
    2,
    1,
    -1,
    0,
    1,
    2,
    0,
    0,
    0,
    1,
    0,
    1,
    2,
    0,
    0,
    0,
    0,
    1,
    0,
    2,
    2,
    0,
    2,
    2,
    2,
    1,
    1,
    1,
    1,
    1,
    1,
    2,
    2,
    1,
    1,
    0,
    1,
    1,
    0,
    2,
    2,
    2,
    0,
    0,
    1,
    0,
    1,
    0,
    2,
    2,
    0,
    2,
    0,
    1,
    2,
    0,
    1,
    2,
    2,
    1,
    0,
    2,
    1,
    0,
    0,
    0,
    2,
    0,
    0,
    0,
    1,
    0,
    2,
    2,
    0,
    0,
    2,
    0,
    1,
