{
  "metrics": {
    "language": "en",
    "accuracy_metrics": {
      "accuracy": 0.6047794117647058,
      "valid_accuracy": 0.6047794117647058,
      "total_examples": 544,
      "correct": 329,
      "valid_predictions": 544,
      "unknown_predictions": 0
    },
    "bias_metrics": {
      "bias_amb": 0.0,
      "bias_dis": -0.4222222222222223,
      "n_non_stereo_amb": 0,
      "n_amb_not_unk": 0,
      "n_stereo_dis": 52,
      "n_disamb_not_unk": 180
    }
  },
  "predictions": [
    0,
    2,
    1,
    1,
    0,
    0,
    2,
    1,
    1,
    1,
    2,
    1,
    1,
    2,
    2,
    0,
    1,
    2,
    2,
    0,
    1,
    2,
    2,
    0,
    1,
    2,
    2,
    2,
    1,
    0,
    0,
    0,
    1,
    1,
    1,
    2,
    1,
    0,
    1,
    1,
    2,
    0,
    2,
    0,
    1,
    1,
    1,
    1,
    0,
    1,
    0,
    2,
    0,
    0,
    0,
    2,
    2,
    0,
    0,
    1,
    2,
    0,
    2,
    1,
    0,
    0,
    1,
    2,
    2,
    1,
    1,
    0,
    1,
    0,
    2,
    0,
    1,
    0,
    0,
    1,
    1,
    0,
    1,
    1,
    1,
    2,
    1,
    1,
    0,
    0,
    1,
    1,
    2,
    1,
    2,
    0,
    2,
    0,
    2,
    1,
    2,
    0,
    2,
    2,
    1,
    1,
    1,
    2,
    2,
    1,
    2,
    0,
    2,
    2,
    1,
    1,
    0,
    1,
    1,
    2,
    1,
    1,
    1,
    2,
    1,
    2,
    1,
    1,
    2,
    1,
    0,
    2,
    1,
    2,
    1,
    0,
    1,
    1,
    0,
    0,
    1,
    2,
    0,
    1,
    0,
    2,
    1,
    1,
    1,
    0,
    0,
    2,
    1,
    0,
    1,
    1,
    2,
    1,
    0,
    0,
    1,
    0,
    1,
    2,
    1,
    2,
    1,
    1,
    0,
    2,
    1,
    0,
    2,
    1,
    1,
    2,
    1,
    1,
    2,
    1,
    2,
    0,
    1,
    0,
    1,
    0,
    0,
    0,
    2,
    0,
    2,
    1,
    1,
    2,
    1,
    0,
    1,
    0,
    1,
    0,
    0,
    2,
    0,
    0,
    0,
    1,
    2,
    0,
    2,
    2,
    2,
    1,
    0,
    1,
    0,
    1,
    1,
    1,
    1,
    2,
    1,
    2,
    1,
    0,
    1,
    1,
    1,
    0,
    0,
    0,
    0,
    1,
    2,
    2,
    2,
    0,
    0,
    1,
    1,
    2,
    1,
    1,
    1,
    1,
    2,
    2,
    1,
    0,
    2,
    1,
    0,
    1,
    0,
    2,
    1,
    0,
    1,
    1,
    1,
    2,
    0,
    1,
    0,
    2,
    1,
    0,
    1,
    2,
    0,
    2,
    2,
    1,
    2,
    1,
    2,
    2,
    1,
    1,
    2,
    2,
    1,
    2,
    1,
    1,
    1,
    1,
    1,
    2,
    2,
    2,
    2,
    0,
    2,
    2,
    2,
    2,
    1,
    1,
    2,
    0,
    2,
    1,
    2,
    2,
    0,
    0,
    0,
    0,
    0,
    1,
    0,
    1,
    1,
    1,
    1,
    2,
    1,
    2,
    1,
    2,
    2,
    0,
    2,
    1,
    1,
    2,
    1,
    1,
    1,
    2,
    1,
    2,
    2,
    1,
    0,
    0,
    1,
    0,
    2,
    2,
    0,
    1,
    2,
    2,
    2,
    1,
    1,
    2,
    1,
    2,
    0,
    2,
    1,
    0,
    0,
    0,
    1,
    1,
    2,
    2,
    1,
    0,
    0,
    0,
    2,
    1,
    2,
    2,
    1,
    0,
    1,
    0,
    1,
    1,
    1,
    1,
    0,
    1,
    1,
    1,
    0,
    1,
    1,
    1,
    0,
    0,
    0,
    0,
    1,
    1,
    2,
    1,
    0,
    2,
    1,
    0,
    1,
    1,
    1,
    2,
    1,
    1,
    1,
    2,
    1,
    1,
    1,
    2,
    1,
    2,
    2,
    0,
    2,
    2,
    0,
    0,
    1,
    2,
    2,
    2,
    1,
    2,
    1,
    0,
    1,
    1,
    0,
    1,
    0,
    0,
    1,
    1,
    2,
    2,
    1,
    2,
    1,
    0,
    0,
    1,
    2,
    0,
    1,
    1,
    0,
    1,
    0,
    1,
    1,
    0,
    1,
    1,
    2,
    2,
    1,
    1,
    0,
    0,
    2,
    1,
    0,
    0,
    0,
    0,
    2,
    0,
    2,
    1,
    1,
    1,
    1,
    1,
    0,
    1,
    0,
    2,
    0,
    2,
    0,
    1,
    1,
    2,
    1,
    1,
    1,
    2,
    1,
    0,
    2,
    1,
    0,
    1,
    1,
    0,
    0,
    1,
    1,
    0,
    1,
    2,
    0,
    1,
    1,
    2,
    2,
    2,
    1,
    1,
    2,
    2,
    0,
    1,
    0,
    1,
    1,
    0,
    2,
    2,
    1,
    0,
    2,
    0,
    2,
    1,
    1,
    2,
    2,
    0,
    1,
    1,
    0,
    0,
    2,
    0,
    2,
    1,
    0,
    2,
    0,
    0,
    1,
    0,
    1,
    1
  ]
}