{
  "metrics": {
    "language": "es",
    "accuracy_metrics": {
      "accuracy": 0.29044117647058826,
      "valid_accuracy": 0.2920517560073937,
      "total_examples": 544,
      "correct": 158,
      "valid_predictions": 541,
      "unknown_predictions": 3
    },
    "bias_metrics": {
      "bias_amb": 0.0,
      "bias_dis": -0.5865921787709497,
      "n_non_stereo_amb": 0,
      "n_amb_not_unk": 0,
      "n_stereo_dis": 37,
      "n_disamb_not_unk": 179
    }
  },
  "predictions": [
    1,
    2,
    2,
    1,
    1,
    1,
    1,
    1,
    1,
    2,
    1,
    1,
    2,
    2,
    2,
    2,
    2,
    2,
    2,
    2,
    2,
    2,
    2,
    2,
    1,
    1,
    1,
    1,
    1,
    1,
    2,
    1,
    1,
    1,
    1,
    2,
    2,
    2,
    2,
    2,
    2,
    1,
    2,
    2,
    1,
    1,
    1,
    1,
    1,
    1,
    1,
    1,
    1,
    1,
    2,
    2,
    1,
    1,
    1,
    2,
    1,
    1,
    2,
    1,
    1,
    1,
    1,
    1,
    1,
    0,
    1,
    1,
    1,
    1,
    2,
    2,
    1,
    1,
    1,
    1,
    1,
    1,
    1,
    1,
    1,
    1,
    1,
    1,
    1,
    1,
    1,
    2,
    2,
    2,
    1,
    1,
    1,
    2,
    2,
    2,
    1,
    1,
    1,
    1,
    1,
    1,
    1,
    1,
    1,
    1,
    1,
    1,
    1,
    1,
    1,
    1,
    1,
    1,
    1,
    1,
    1,
    1,
    1,
    2,
    1,
    1,
    1,
    1,
    2,
    1,
    1,
    1,
    1,
    1,
    1,
    1,
    1,
    1,
    1,
    2,
    2,
    1,
    2,
    2,
    1,
    2,
    2,
    2,
    1,
    1,
    1,
    1,
    1,
    1,
    1,
    1,
    -1,
    2,
    1,
    1,
    1,
    1,
    1,
    1,
    1,
    1,
    1,
    1,
    1,
    2,
    1,
    1,
    1,
    2,
    1,
    1,
    1,
    2,
    1,
    2,
    1,
    2,
    1,
    2,
    1,
    1,
    1,
    2,
    1,
    1,
    1,
    1,
    1,
    1,
    1,
    1,
    1,
    1,
    2,
    1,
    2,
    2,
    2,
    1,
    2,
    2,
    1,
    1,
    1,
    1,
    1,
    1,
    1,
    1,
    1,
    1,
    1,
    1,
    1,
    1,
    -1,
    1,
    2,
    1,
    2,
    2,
    2,
    2,
    1,
    1,
    2,
    1,
    1,
    1,
    2,
    1,
    2,
    1,
    2,
    1,
    1,
    1,
    1,
    1,
    2,
    2,
    2,
    2,
    1,
    2,
    2,
    2,
    1,
    1,
    1,
    1,
    1,
    1,
    1,
    1,
    1,
    2,
    1,
    1,
    2,
    2,
    2,
    2,
    1,
    2,
    1,
    1,
    1,
    2,
    2,
    2,
    1,
    1,
    1,
    1,
    1,
    1,
    1,
    1,
    2,
    2,
    2,
    2,
    1,
    1,
    1,
    2,
    2,
    2,
    2,
    2,
    0,
    1,
    1,
    1,
    1,
    1,
    0,
    1,
    1,
    1,
    1,
    0,
    1,
    1,
    0,
    1,
    1,
    0,
    1,
    1,
    1,
    1,
    1,
    1,
    1,
    1,
    1,
    1,
    2,
    2,
    2,
    2,
    1,
    1,
    1,
    1,
    2,
    2,
    2,
    1,
    2,
    -1,
    2,
    2,
    1,
    1,
    1,
    1,
    2,
    1,
    1,
    1,
    2,
    1,
    2,
    1,
    2,
    1,
    2,
    2,
    1,
    1,
    1,
    1,
    1,
    1,
    1,
    1,
    2,
    2,
    2,
    2,
    1,
    1,
    2,
    1,
    1,
    1,
    1,
    1,
    1,
    2,
    2,
    1,
    1,
    1,
    1,
    1,
    1,
    1,
    1,
    1,
    2,
    1,
    2,
    2,
    1,
    2,
    2,
    2,
    1,
    1,
    1,
    1,
    2,
    1,
    2,
    1,
    1,
    1,
    1,
    1,
    2,
    2,
    2,
    1,
    1,
    1,
    1,
    1,
    1,
    1,
    2,
    2,
    1,
    1,
    1,
    1,
    1,
    1,
    1,
    1,
    1,
    1,
    1,
    1,
    2,
    1,
    2,
    2,
    2,
    1,
    2,
    2,
    1,
    1,
    0,
    1,
    2,
    1,
    0,
    1,
    2,
    1,
    2,
    1,
    1,
    1,
    1,
    1,
    2,
    2,
    1,
    1,
    1,
    1,
    1,
    2,
    1,
    1,
    1,
    1,
    1,
    1,
    1,
    1,
    1,
    1,
    1,
    1,
    1,
    1,
    1,
    2,
    1,
    1,
    2,
    1,
    1,
    2,
    1,
    2,
    2,
    2,
    2,
    0,
    2,
    2,
    1,
    2,
    2,
    1,
    1,
    1,
    1,
    2,
    1,
    2,
    2,
    2,
    2,
    1,
    2,
    1,
    1,
    1,
    1,
    2,
    2,
    1,
    1,
    1,
    1,
    1,
    1,
    1,
    1,
    1,
    1,
    0,
    1,
    0,
    1,
    1,
    1,
    1,
    2,
    2,
    2,
    2,
    1,
    2,
    1,
    1,
    1,
    1,
    1,
    1
  ]
}