{
  "metrics": {
    "language": "en",
    "accuracy_metrics": {
      "accuracy": 0.2839506172839506,
      "valid_accuracy": 0.2946357085668535,
      "total_examples": 1296,
      "correct": 368,
      "valid_predictions": 1249,
      "unknown_predictions": 47
    },
    "bias_metrics": {
      "bias_amb": 0.0,
      "bias_dis": -0.5073170731707317,
      "n_non_stereo_amb": 0,
      "n_amb_not_unk": 0,
      "n_stereo_dis": 101,
      "n_disamb_not_unk": 410
    }
  },
  "predictions": [
    1,
    1,
    1,
    1,
    1,
    1,
    -1,
    1,
    1,
    1,
    2,
    1,
    1,
    2,
    1,
    1,
    1,
    1,
    0,
    0,
    1,
    1,
    1,
    1,
    1,
    -1,
    1,
    1,
    1,
    1,
    1,
    -1,
    2,
    1,
    -1,
    1,
    1,
    1,
    1,
    1,
    2,
    2,
    2,
    2,
    1,
    1,
    1,
    0,
    2,
    2,
    2,
    1,
    2,
    1,
    1,
    1,
    2,
    1,
    2,
    1,
    2,
    1,
    2,
    1,
    1,
    1,
    -1,
    1,
    1,
    1,
    1,
    1,
    1,
    2,
    1,
    0,
    1,
    2,
    2,
    1,
    -1,
    1,
    1,
    1,
    1,
    1,
    1,
    1,
    2,
    1,
    2,
    2,
    1,
    1,
    1,
    1,
    0,
    1,
    1,
    1,
    1,
    1,
    1,
    1,
    2,
    1,
    1,
    1,
    1,
    1,
    -1,
    1,
    -1,
    1,
    1,
    1,
    1,
    1,
    -1,
    1,
    0,
    2,
    1,
    2,
    1,
    1,
    1,
    1,
    1,
    0,
    1,
    1,
    1,
    2,
    0,
    2,
    1,
    1,
    1,
    1,
    2,
    2,
    1,
    1,
    2,
    1,
    2,
    1,
    1,
    1,
    1,
    1,
    1,
    1,
    1,
    1,
    1,
    1,
    1,
    1,
    1,
    1,
    1,
    1,
    2,
    2,
    2,
    2,
    1,
    1,
    1,
    1,
    2,
    1,
    1,
    1,
    1,
    1,
    0,
    1,
    1,
    1,
    1,
    1,
    1,
    1,
    2,
    1,
    1,
    -1,
    1,
    2,
    2,
    1,
    2,
    1,
    2,
    0,
    -1,
    2,
    1,
    1,
    1,
    1,
    0,
    0,
    2,
    0,
    2,
    2,
    1,
    -1,
    2,
    1,
    1,
    2,
    2,
    1,
    2,
    1,
    1,
    1,
    1,
    1,
    2,
    2,
    0,
    2,
    1,
    2,
    1,
    2,
    2,
    2,
    2,
    2,
    1,
    1,
    1,
    1,
    1,
    1,
    1,
    1,
    1,
    1,
    1,
    1,
    1,
    2,
    1,
    2,
    0,
    1,
    2,
    1,
    1,
    2,
    1,
    2,
    1,
    0,
    1,
    1,
    1,
    1,
    1,
    1,
    1,
    1,
    1,
    1,
    2,
    2,
    2,
    2,
    0,
    1,
    1,
    1,
    1,
    1,
    1,
    1,
    1,
    1,
    1,
    1,
    1,
    2,
    1,
    1,
    1,
    1,
    1,
    1,
    1,
    1,
    1,
    1,
    2,
    1,
    1,
    2,
    1,
    1,
    1,
    2,
    1,
    1,
    1,
    1,
    1,
    1,
    1,
    1,
    1,
    2,
    2,
    1,
    2,
    2,
    2,
    2,
    1,
    1,
    1,
    1,
    2,
    1,
    1,
    1,
    1,
    2,
    2,
    1,
    1,
    1,
    1,
    1,
    1,
    1,
    1,
    1,
    2,
    1,
    1,
    2,
    1,
    1,
    1,
    1,
    1,
    1,
    1,
    1,
    -1,
    2,
    2,
    0,
    1,
    1,
    1,
    1,
    1,
    1,
    1,
    1,
    -1,
    1,
    1,
    -1,
    1,
    0,
    1,
    1,
    1,
    1,
    0,
    1,
    1,
    2,
    1,
    2,
    2,
    1,
    2,
    2,
    1,
    2,
    2,
    0,
    2,
    0,
    2,
    2,
    1,
    0,
    0,
    0,
    2,
    2,
    2,
    2,
    1,
    2,
    2,
    2,
    0,
    1,
    1,
    1,
    1,
    1,
    1,
    2,
    2,
    1,
    1,
    1,
    0,
    0,
    1,
    1,
    1,
    1,
    0,
    1,
    1,
    1,
    1,
    1,
    1,
    0,
    1,
    0,
    1,
    1,
    1,
    1,
    1,
    1,
    1,
    1,
    1,
    1,
    1,
    1,
    1,
    1,
    1,
    2,
    1,
    1,
    1,
    1,
    1,
    1,
    1,
    1,
    2,
    2,
    2,
    2,
    2,
    1,
    2,
    2,
    1,
    2,
    2,
    2,
    1,
    0,
    1,
    0,
    0,
    1,
    1,
    1,
    1,
    1,
    0,
    1,
    1,
    1,
    1,
    1,
    1,
    1,
    1,
    -1,
    2,
    2,
    2,
    2,
    0,
    1,
    1,
    0,
    -1,
    1,
    1,
    1,
    0,
    0,
    1,
    1,
    1,
    2,
    2,
    2,
    2,
    2,
    2,
    2,
    2,
    0,
    2,
    1,
    1,
    1,
    1,
    1,
    1,
    1,
    1,
    2,
    0,
    0,
    2,
    2,
    2,
    2,
    0,
    2,
    1,
    1,
    1,
    0,
    1,
    -1,
    1,
    0,
    1,
    1,
    1,
    1,
    1,
    2,
    1,
    2,
    1,
    1,
    1,
    1,
    1,
    1,
    1,
    1,
    1,
    2,
    2,
    2,
    2,
    2,
    1,
    -1,
    1,
    1,
    1,
    1,
    1,
    2,
    0,
    2,
    2,
    1,
    2,
    2,
    1,
    1,
    1,
    2,
    2,
    2,
    2,
    2,
    1,
    2,
    1,
    1,
    1,
    1,
    1,
    1,
    1,
    1,
    1,
    2,
    2,
    2,
    2,
    2,
    2,
    2,
    2,
    2,
    2,
    2,
    2,
    1,
    0,
    2,
    2,
    1,
    1,
    2,
    2,
    -1,
    2,
    1,
    1,
    1,
    1,
    1,
    1,
    1,
    0,
    2,
    2,
    2,
    0,
    -1,
    2,
    2,
    1,
    1,
    1,
    1,
    1,
    1,
    0,
    1,
    1,
    1,
    1,
    1,
    1,
    1,
    0,
    1,
    0,
    1,
    1,
    1,
    0,
    1,
    2,
    2,
    1,
    2,
    1,
    1,
    -1,
    0,
    0,
    1,
    2,
    -1,
    -1,
    1,
    1,
    1,
    1,
    1,
    1,
    1,
    2,
    1,
    1,
    1,
    1,
    1,
    2,
    -1,
    -1,
    1,
    2,
    2,
    2,
    2,
    1,
    1,
    1,
    1,
    1,
    1,
    1,
    1,
    1,
    1,
    1,
    1,
    0,
    2,
    -1,
    2,
    2,
    1,
    -1,
    2,
    1,
    0,
    1,
    1,
    1,
    1,
    1,
    -1,
    1,
    1,
    1,
    0,
    1,
    1,
    1,
    1,
    1,
    1,
    1,
    1,
    0,
    0,
    0,
    1,
    1,
    1,
    1,
    1,
    1,
    0,
    2,
    1,
    1,
    2,
    2,
    2,
    -1,
    1,
    1,
    -1,
    1,
    1,
    1,
    1,
    1,
    0,
    1,
    1,
    0,
    1,
    0,
    0,
    1,
    1,
    1,
    1,
    2,
    0,
    2,
    2,
    1,
    1,
    2,
    1,
    1,
    1,
    1,
    0,
    1,
    2,
    2,
    2,
    0,
    1,
    1,
    1,
    1,
    1,
    1,
    1,
    2,
    1,
    1,
    1,
    2,
    1,
    1,
    1,
    1,
    1,
    1,
    1,
    2,
    2,
    2,
    2,
    2,
    2,
    2,
    2,
    1,
    2,
    0,
    1,
    1,
    0,
    1,
    1,
    1,
    2,
    1,
    1,
    1,
    1,
    1,
    1,
    1,
    0,
    1,
    0,
    0,
    2,
    2,
    0,
    2,
    2,
    2,
    2,
    2,
    2,
    2,
    2,
    1,
    1,
    1,
    1,
    2,
    1,
    1,
    1,
    2,
    2,
    2,
    2,
    2,
    2,
    2,
    2,
    0,
    0,
    1,
    1,
    1,
    1,
    1,
    1,
    1,
    0,
    1,
    1,
    2,
    1,
    2,
    2,
    2,
    2,
    2,
    2,
    2,
    -1,
    2,
    0,
    1,
    1,
    1,
    1,
    1,
    1,
    1,
    1,
    1,
    1,
    2,
    1,
    1,
    2,
    1,
    1,
    2,
    0,
    -1,
    0,
    1,
    1,
    1,
    1,
    2,
    2,
    2,
    2,
    1,
    1,
    1,
    -1,
    1,
    0,
    1,
    1,
    2,
    2,
    2,
    1,
    1,
    1,
    1,
    0,
    1,
    1,
    1,
    1,
    1,
    1,
    1,
    1,
    1,
    2,
    1,
    1,
    1,
    0,
    1,
    2,
    1,
    1,
    1,
    1,
    2,
    -1,
    0,
    2,
    -1,
    1,
    -1,
    1,
    1,
    2,
    2,
    1,
    1,
    1,
    1,
    0,
    1,
    -1,
    1,
    1,
    0,
    2,
    0,
    2,
    0,
    2,
    -1,
    2,
    1,
    2,
    0,
    2,
    0,
    1,
    1,
    1,
    2,
    1,
    2,
    1,
    -1,
    0,
    1,
    2,
    2,
    1,
    0,
    1,
    1,
    1,
    1,
    1,
    2,
    2,
    1,
    0,
    2,
    1,
    -1,
    -1,
    -1,
    1,
    2,
    1,
    1,
    1,
    0,
    1,
    0,
    2,
    2,
    -1,
    1,
    2,
    1,
    1,
    1,
    1,
    1,
    1,
    1,
    0,
    1,
    2,
    1,
    1,
    1,
    1,
    1,
    1,
    1,
    1,
    1,
    1,
    1,
    1,
    1,
    1,
    1,
    1,
    2,
    2,
    2,
    2,
    1,
    1,
    1,
    1,
    2,
    2,
    2,
    2,
    1,
    1,
    2,
    2,
    2,
