{
  "metrics": {
    "language": "tr",
    "accuracy_metrics": {
      "accuracy": 0.3958333333333333,
      "valid_accuracy": 0.3958333333333333,
      "total_examples": 528,
      "correct": 209,
      "valid_predictions": 528,
      "unknown_predictions": 0
    },
    "bias_metrics": {
      "bias_amb": 0.0,
      "bias_dis": -0.5027027027027027,
      "n_non_stereo_amb": 0,
      "n_amb_not_unk": 0,
      "n_stereo_dis": 46,
      "n_disamb_not_unk": 185
    }
  },
  "predictions": [
    0,
    2,
    1,
    1,
    0,
    0,
    2,
    2,
    2,
    1,
    2,
    1,
    0,
    2,
    1,
    1,
    1,
    2,
    1,
    2,
    0,
    0,
    0,
    0,
    0,
    1,
    2,
    1,
    1,
    1,
    0,
    0,
    1,
    1,
    1,
    2,
    2,
    1,
    2,
    2,
    0,
    0,
    2,
    0,
    0,
    0,
    1,
    0,
    2,
    2,
    2,
    2,
    0,
    1,
    0,
    1,
    1,
    0,
    0,
    2,
    1,
    0,
    1,
    2,
    0,
    0,
    1,
    2,
    2,
    2,
    1,
    2,
    0,
    1,
    1,
    1,
    1,
    1,
    2,
    1,
    0,
    0,
    2,
    2,
    0,
    1,
    1,
    1,
    0,
    0,
    1,
    1,
    1,
    1,
    0,
    0,
    1,
    2,
    0,
    0,
    0,
    0,
    2,
    1,
    2,
    2,
    0,
    1,
    2,
    1,
    2,
    0,
    2,
    2,
    1,
    0,
    0,
    2,
    2,
    0,
    2,
    0,
    2,
    2,
    1,
    1,
    1,
    0,
    2,
    0,
    0,
    1,
    1,
    1,
    0,
    2,
    0,
    1,
    1,
    2,
    2,
    0,
    0,
    2,
    0,
    0,
    0,
    0,
    1,
    1,
    0,
    0,
    2,
    2,
    1,
    2,
    2,
    0,
    2,
    0,
    1,
    1,
    2,
    0,
    1,
    0,
    1,
    0,
    1,
    2,
    2,
    1,
    0,
    0,
    0,
    0,
    0,
    2,
    2,
    0,
    1,
    0,
    1,
    0,
    2,
    0,
    0,
    0,
    2,
    2,
    1,
    1,
    1,
    2,
    0,
    1,
    1,
    2,
    0,
    0,
    0,
    1,
    0,
    0,
    1,
    0,
    0,
    0,
    1,
    1,
    0,
    2,
    1,
    1,
    2,
    2,
    0,
    2,
    2,
    2,
    0,
    1,
    0,
    2,
    0,
    1,
    1,
    2,
    0,
    1,
    1,
    1,
    0,
    1,
    0,
    1,
    1,
    2,
    2,
    2,
    1,
    0,
    0,
    2,
    0,
    1,
    1,
    0,
    1,
    1,
    2,
    2,
    1,
    0,
    0,
    0,
    0,
    0,
    1,
    1,
    0,
    0,
    2,
    2,
    0,
    1,
    0,
    0,
    2,
    1,
    0,
    2,
    0,
    0,
    0,
    2,
    1,
    2,
    2,
    2,
    1,
    0,
    2,
    0,
    0,
    2,
    1,
    2,
    2,
    2,
    2,
    2,
    0,
    1,
    0,
    2,
    2,
    1,
    2,
    1,
    0,
    1,
    2,
    0,
    0,
    0,
    2,
    2,
    1,
    2,
    2,
    0,
    1,
    1,
    0,
    1,
    2,
    2,
    0,
    1,
    1,
    2,
    2,
    2,
    1,
    2,
    1,
    1,
    0,
    0,
    0,
    1,
    0,
    2,
    1,
    2,
    2,
    2,
    2,
    0,
    1,
    2,
    2,
    2,
    0,
    0,
    2,
    1,
    0,
    0,
    1,
    1,
    2,
    1,
    0,
    0,
    1,
    1,
    0,
    1,
    0,
    1,
    1,
    0,
    0,
    0,
    0,
    0,
    1,
    2,
    2,
    0,
    2,
    2,
    0,
    0,
    0,
    2,
    1,
    2,
    2,
    2,
    2,
    2,
    1,
    2,
    1,
    1,
    1,
    2,
    1,
    1,
    2,
    2,
    0,
    1,
    2,
    2,
    0,
    2,
    0,
    0,
    0,
    1,
    0,
    0,
    0,
    2,
    0,
    2,
    0,
    2,
    2,
    2,
    1,
    0,
    0,
    2,
    0,
    0,
    0,
    1,
    0,
    1,
    0,
    0,
    1,
    2,
    2,
    2,
    1,
    1,
    1,
    0,
    1,
    2,
    2,
    0,
    1,
    2,
    1,
    1,
    2,
    2,
    1,
    0,
    1,
    1,
    2,
    2,
    2,
    2,
    0,
    2,
    2,
    1,
    1,
    0,
    0,
    0,
    0,
    0,
    1,
    0,
    1,
    1,
    2,
    1,
    1,
    0,
    2,
    2,
    0,
    1,
    2,
    1,
    1,
    0,
    2,
    1,
    2,
    0,
    2,
    2,
    0,
    1,
    2,
    0,
    0,
    2,
    2,
    0,
    1,
    1,
    2,
    1,
    1,
    1,
    0,
    0,
    2,
    1,
    0,
    2,
    1,
    0,
    0,
    2,
    2,
    2,
    0,
    0,
    2,
    2,
    2,
    2,
    0,
    2,
    0,
    0,
    1,
    1,
    0,
    0,
    2,
    0,
    1,
    2
  ]
}