{
  "metrics": {
    "language": "es",
    "accuracy_metrics": {
      "accuracy": 0.30357142857142855,
      "valid_accuracy": 0.30434782608695654,
      "total_examples": 1176,
      "correct": 357,
      "valid_predictions": 1173,
      "unknown_predictions": 3
    },
    "bias_metrics": {
      "bias_amb": 0.0,
      "bias_dis": -0.5343137254901961,
      "n_non_stereo_amb": 0,
      "n_amb_not_unk": 0,
      "n_stereo_dis": 95,
      "n_disamb_not_unk": 408
    }
  },
  "predictions": [
    1,
    1,
    1,
    1,
    1,
    1,
    1,
    1,
    1,
    1,
    1,
    1,
    1,
    1,
    1,
    1,
    1,
    2,
    1,
    1,
    2,
    2,
    2,
    2,
    2,
    1,
    2,
    1,
    1,
    1,
    1,
    1,
    2,
    1,
    1,
    2,
    1,
    1,
    2,
    1,
    1,
    1,
    1,
    1,
    1,
    2,
    1,
    1,
    1,
    1,
    1,
    1,
    2,
    1,
    1,
    2,
    2,
    2,
    2,
    2,
    1,
    1,
    1,
    1,
    1,
    1,
    2,
    1,
    1,
    1,
    2,
    1,
    2,
    2,
    2,
    2,
    1,
    2,
    2,
    2,
    1,
    1,
    1,
    1,
    2,
    2,
    2,
    2,
    1,
    1,
    1,
    1,
    1,
    1,
    1,
    1,
    2,
    2,
    2,
    1,
    1,
    2,
    1,
    2,
    1,
    1,
    1,
    1,
    1,
    1,
    1,
    1,
    2,
    2,
    1,
    2,
    2,
    2,
    2,
    0,
    1,
    1,
    1,
    1,
    1,
    1,
    1,
    2,
    1,
    2,
    2,
    2,
    2,
    2,
    2,
    2,
    2,
    1,
    2,
    2,
    2,
    2,
    1,
    2,
    2,
    1,
    1,
    1,
    1,
    1,
    1,
    1,
    1,
    1,
    1,
    1,
    1,
    1,
    1,
    1,
    1,
    1,
    1,
    0,
    1,
    1,
    1,
    1,
    2,
    1,
    1,
    1,
    1,
    1,
    2,
    1,
    2,
    2,
    2,
    1,
    2,
    2,
    2,
    2,
    1,
    1,
    1,
    1,
    2,
    1,
    2,
    2,
    1,
    1,
    1,
    1,
    1,
    1,
    2,
    1,
    2,
    1,
    1,
    2,
    2,
    1,
    2,
    2,
    1,
    2,
    1,
    1,
    1,
    1,
    1,
    2,
    2,
    1,
    2,
    1,
    1,
    1,
    1,
    1,
    2,
    2,
    1,
    1,
    2,
    1,
    1,
    1,
    1,
    1,
    1,
    1,
    -1,
    0,
    2,
    2,
    1,
    1,
    1,
    -1,
    1,
    1,
    1,
    2,
    1,
    1,
    1,
    1,
    2,
    2,
    2,
    0,
    1,
    1,
    1,
    1,
    1,
    1,
    1,
    1,
    2,
    2,
    2,
    1,
    1,
    1,
    1,
    1,
    1,
    1,
    2,
    1,
    1,
    1,
    1,
    1,
    1,
    1,
    1,
    1,
    1,
    1,
    1,
    1,
    1,
    1,
    1,
    1,
    1,
    0,
    1,
    1,
    1,
    1,
    1,
    2,
    0,
    1,
    1,
    1,
    1,
    1,
    1,
    1,
    1,
    1,
    2,
    1,
    1,
    1,
    1,
    1,
    2,
    1,
    1,
    1,
    1,
    1,
    1,
    1,
    1,
    1,
    1,
    1,
    1,
    1,
    1,
    1,
    2,
    2,
    2,
    1,
    1,
    1,
    1,
    1,
    1,
    1,
    1,
    1,
    1,
    1,
    1,
    1,
    2,
    2,
    2,
    2,
    2,
    0,
    2,
    2,
    0,
    1,
    1,
    1,
    1,
    1,
    1,
    1,
    2,
    1,
    2,
    2,
    1,
    2,
    2,
    2,
    1,
    1,
    1,
    1,
    1,
    2,
    1,
    1,
    2,
    2,
    1,
    2,
    1,
    1,
    1,
    1,
    1,
    1,
    1,
    1,
    1,
    1,
    1,
    1,
    1,
    2,
    1,
    2,
    1,
    1,
    1,
    1,
    1,
    2,
    2,
    2,
    1,
    1,
    1,
    1,
    1,
    2,
    2,
    2,
    1,
    1,
    1,
    1,
    1,
    2,
    1,
    1,
    1,
    1,
    1,
    1,
    1,
    1,
    1,
    1,
    1,
    1,
    1,
    1,
    1,
    1,
    1,
    2,
    1,
    2,
    1,
    1,
    1,
    1,
    1,
    2,
    2,
    2,
    2,
    2,
    2,
    1,
    1,
    2,
    1,
    1,
    1,
    1,
    2,
    2,
    1,
    1,
    1,
    2,
    2,
    2,
    2,
    2,
    2,
    2,
    1,
    2,
    1,
    1,
    2,
    1,
    2,
    2,
    1,
    1,
    1,
    2,
    1,
    1,
    1,
    1,
    2,
    2,
    1,
    1,
    1,
    1,
    1,
    1,
    0,
    1,
    1,
    1,
    1,
    1,
    1,
    1,
    1,
    2,
    2,
    1,
    1,
    2,
    2,
    2,
    1,
    1,
    1,
    1,
    1,
    1,
    1,
    1,
    1,
    1,
    1,
    2,
    1,
    1,
    1,
    1,
    1,
    2,
    2,
    2,
    1,
    1,
    1,
    1,
    1,
    1,
    1,
    2,
    1,
    2,
    1,
    1,
    2,
    2,
    1,
    1,
    1,
    1,
    2,
    1,
    -1,
    2,
    1,
    1,
    1,
    2,
    2,
    0,
    1,
    1,
    1,
    0,
    1,
    1,
    1,
    1,
    1,
    1,
    1,
    1,
    2,
    1,
    2,
    2,
    1,
    2,
    2,
    2,
    2,
    0,
    2,
    2,
    1,
    1,
    2,
    2,
    1,
    1,
    1,
    0,
    1,
    1,
    1,
    1,
    1,
    1,
    0,
    0,
    1,
    1,
    1,
    1,
    1,
    1,
    1,
    1,
    1,
    1,
    1,
    1,
    1,
    1,
    1,
    2,
    1,
    1,
    1,
    1,
    1,
    1,
    1,
    1,
    1,
    1,
    1,
    1,
    1,
    1,
    1,
    1,
    1,
    2,
    2,
    2,
    1,
    1,
    1,
    1,
    2,
    1,
    2,
    2,
    1,
    1,
    1,
    1,
    1,
    1,
    1,
    1,
    2,
    2,
    2,
    2,
    1,
    1,
    1,
    1,
    2,
    2,
    2,
    2,
    1,
    1,
    1,
    1,
    1,
    1,
    1,
    1,
    1,
    1,
    2,
    1,
    2,
    1,
    1,
    1,
    1,
    1,
    2,
    1,
    1,
    1,
    1,
    1,
    1,
    1,
    1,
    1,
    1,
    1,
    1,
    1,
    1,
    1,
    1,
    2,
    1,
    1,
    2,
    2,
    1,
    1,
    1,
    1,
    1,
    1,
    1,
    1,
    1,
    1,
    1,
    2,
    1,
    1,
    1,
    1,
    1,
    1,
    1,
    1,
    1,
    1,
    2,
    1,
    1,
    1,
    2,
    1,
    1,
    1,
    1,
    1,
    1,
    1,
    1,
    1,
    1,
    2,
    2,
    2,
    1,
    1,
    1,
    1,
    2,
    2,
    2,
    2,
    1,
    1,
    1,
    1,
    1,
    1,
    0,
    1,
    1,
    1,
    0,
    1,
    1,
    1,
    1,
    1,
    2,
    1,
    2,
    2,
    1,
    1,
    1,
    1,
    1,
    2,
    1,
    2,
    1,
    1,
    1,
    1,
    1,
    1,
    1,
    1,
    2,
    2,
    2,
    2,
    2,
    2,
    2,
    2,
    1,
    1,
    1,
    1,
    1,
    1,
    1,
    1,
    1,
    1,
    1,
    1,
    1,
    1,
    1,
    1,
    1,
    1,
    1,
    0,
    1,
    1,
    1,
    1,
    1,
    1,
    1,
    1,
    1,
    1,
    1,
    1,
    1,
    1,
    1,
    2,
    2,
    2,
    2,
    1,
    2,
    2,
    2,
    2,
    1,
    1,
    2,
    1,
    1,
    1,
    2,
    2,
    1,
    1,
    1,
    1,
    2,
    2,
    2,
    2,
    2,
    2,
    2,
    2,
    2,
    1,
    2,
    1,
    1,
    1,
    1,
    1,
    2,
    2,
    2,
    2,
    1,
    1,
    1,
    1,
    2,
    1,
    2,
    2,
    1,
    1,
    1,
    1,
    1,
    1,
    1,
    1,
    1,
    2,
    2,
    2,
    2,
    1,
    2,
    1,
    1,
    0,
    1,
    1,
    2,
    1,
    2,
    1,
    2,
    2,
    2,
    2,
    2,
    2,
    2,
    2,
    1,
    1,
    1,
    1,
    1,
    1,
    0,
    1,
    2,
    2,
    2,
    1,
    2,
    2,
    1,
    2,
    1,
    1,
    1,
    1,
    2,
    1,
    2,
    2,
    1,
    1,
    1,
    1,
    1,
    2,
    1,
    2,
    1,
    1,
    1,
    1,
    1,
    1,
    2,
    1,
    1,
    1,
    2,
    2,
    1,
    1,
    1,
    1,
    2,
    2,
    2,
    2,
    1,
    1,
    1,
    1,
    1,
    1,
    1,
    1,
    1,
    1,
    1,
    1,
    1,
    1,
    1,
    1,
    1,
    1,
    2,
    1,
    1,
    1,
    1,
    2,
    2,
    1,
    2,
    1,
    1,
    1,
    1,
    1,
    1,
    2,
    1,
    1,
    2,
    1,
    2,
    2,
    1,
    1,
    1,
    1,
    1,
    2,
    1,
    1,
    2,
    1,
    2,
    2,
    1,
    1,
    1,
    1,
    1,
    1,
    1,
    1,
    1,
    2,
    1,
    1,
    1,
    1,
    1,
    1,
    1,
    1,
    2,
    2,
    2,
    2,
    2,
    2,
    1,
    1,
    0,
    1,
    1,
    1,
    2,
    0,
    1,
    1,
    2,
    1,
    1,
    2,
    2,
    2,
    2,
    0,
    1,
    2,
    2,
    2,
    2,
    2,
    2,
    2,
    2,
    2,
    2,
    1,
    2,
