{
  "metrics": {
    "language": "nl",
    "accuracy_metrics": {
      "accuracy": 0.27314814814814814,
      "valid_accuracy": 0.2748447204968944,
      "total_examples": 1296,
      "correct": 354,
      "valid_predictions": 1288,
      "unknown_predictions": 8
    },
    "bias_metrics": {
      "bias_amb": 0.0,
      "bias_dis": -0.5209302325581395,
      "n_non_stereo_amb": 0,
      "n_amb_not_unk": 0,
      "n_stereo_dis": 103,
      "n_disamb_not_unk": 430
    }
  },
  "predictions": [
    1,
    1,
    2,
    1,
    2,
    1,
    2,
    2,
    1,
    1,
    1,
    1,
    1,
    1,
    2,
    2,
    1,
    1,
    1,
    1,
    1,
    1,
    1,
    1,
    1,
    1,
    1,
    1,
    1,
    1,
    1,
    1,
    2,
    2,
    2,
    0,
    2,
    1,
    1,
    0,
    2,
    1,
    2,
    2,
    1,
    2,
    1,
    1,
    2,
    1,
    1,
    1,
    1,
    1,
    1,
    2,
    2,
    2,
    2,
    2,
    0,
    1,
    2,
    1,
    2,
    2,
    2,
    2,
    1,
    1,
    1,
    1,
    1,
    2,
    2,
    2,
    1,
    1,
    1,
    1,
    1,
    1,
    2,
    1,
    1,
    1,
    1,
    1,
    2,
    2,
    0,
    2,
    1,
    1,
    1,
    1,
    2,
    1,
    1,
    2,
    2,
    2,
    0,
    2,
    2,
    1,
    2,
    2,
    1,
    1,
    1,
    1,
    1,
    1,
    1,
    1,
    0,
    0,
    1,
    1,
    1,
    1,
    1,
    1,
    1,
    1,
    1,
    1,
    2,
    1,
    1,
    1,
    2,
    2,
    2,
    1,
    2,
    2,
    1,
    2,
    1,
    1,
    2,
    2,
    1,
    1,
    1,
    1,
    1,
    1,
    1,
    1,
    1,
    1,
    1,
    1,
    1,
    1,
    1,
    2,
    1,
    1,
    1,
    1,
    1,
    1,
    2,
    0,
    2,
    2,
    1,
    2,
    1,
    1,
    1,
    1,
    2,
    2,
    1,
    2,
    1,
    1,
    1,
    1,
    1,
    1,
    1,
    1,
    1,
    1,
    1,
    1,
    1,
    1,
    2,
    1,
    1,
    1,
    1,
    1,
    2,
    2,
    2,
    2,
    1,
    1,
    1,
    1,
    1,
    1,
    1,
    1,
    -1,
    1,
    1,
    1,
    1,
    1,
    1,
    1,
    1,
    2,
    2,
    1,
    1,
    1,
    1,
    1,
    1,
    1,
    1,
    1,
    2,
    1,
    2,
    1,
    1,
    1,
    1,
    1,
    1,
    2,
    2,
    2,
    1,
    1,
    2,
    1,
    1,
    1,
    1,
    1,
    1,
    2,
    2,
    1,
    1,
    1,
    1,
    1,
    2,
    2,
    2,
    2,
    1,
    2,
    2,
    2,
    1,
    1,
    1,
    1,
    1,
    1,
    1,
    1,
    1,
    1,
    0,
    1,
    2,
    1,
    2,
    1,
    2,
    2,
    0,
    1,
    2,
    2,
    2,
    2,
    1,
    1,
    0,
    0,
    1,
    2,
    1,
    1,
    1,
    2,
    2,
    1,
    1,
    1,
    1,
    1,
    1,
    1,
    1,
    0,
    1,
    2,
    1,
    1,
    1,
    1,
    1,
    1,
    1,
    1,
    1,
    1,
    2,
    0,
    2,
    2,
    2,
    2,
    2,
    2,
    2,
    2,
    0,
    2,
    1,
    2,
    1,
    2,
    2,
    2,
    2,
    0,
    2,
    2,
    2,
    2,
    1,
    1,
    1,
    1,
    1,
    1,
    1,
    1,
    2,
    0,
    2,
    1,
    1,
    1,
    1,
    1,
    1,
    2,
    2,
    2,
    1,
    1,
    2,
    1,
    1,
    1,
    1,
    1,
    0,
    1,
    2,
    1,
    1,
    1,
    2,
    0,
    1,
    1,
    1,
    1,
    1,
    2,
    2,
    2,
    1,
    1,
    2,
    1,
    1,
    1,
    1,
    2,
    1,
    1,
    1,
    2,
    1,
    1,
    1,
    1,
    0,
    1,
    1,
    1,
    1,
    1,
    1,
    1,
    1,
    1,
    1,
    2,
    1,
    1,
    1,
    1,
    1,
    1,
    1,
    1,
    1,
    1,
    1,
    1,
    1,
    1,
    1,
    2,
    1,
    1,
    1,
    1,
    2,
    1,
    1,
    2,
    2,
    1,
    2,
    1,
    0,
    1,
    1,
    2,
    -1,
    2,
    1,
    1,
    2,
    2,
    2,
    2,
    1,
    1,
    1,
    2,
    1,
    1,
    0,
    1,
    1,
    1,
    1,
    1,
    2,
    1,
    1,
    1,
    0,
    1,
    1,
    1,
    1,
    1,
    2,
    1,
    1,
    2,
    1,
    0,
    2,
    2,
    1,
    2,
    1,
    1,
    2,
    1,
    2,
    2,
    2,
    2,
    2,
    2,
    2,
    1,
    1,
    1,
    1,
    1,
    1,
    1,
    2,
    2,
    2,
    1,
    2,
    2,
    2,
    1,
    1,
    2,
    2,
    2,
    1,
    2,
    0,
    1,
    2,
    1,
    1,
    1,
    0,
    1,
    1,
    2,
    1,
    1,
    2,
    1,
    2,
    2,
    1,
    2,
    2,
    2,
    2,
    1,
    2,
    2,
    0,
    2,
    2,
    2,
    1,
    2,
    1,
    1,
    1,
    1,
    1,
    1,
    1,
    1,
    1,
    1,
    1,
    1,
    1,
    0,
    1,
    0,
    1,
    1,
    1,
    1,
    1,
    1,
    1,
    1,
    1,
    1,
    0,
    1,
    1,
    1,
    -1,
    1,
    1,
    2,
    1,
    1,
    1,
    1,
    1,
    1,
    1,
    0,
    1,
    2,
    2,
    2,
    2,
    2,
    2,
    2,
    2,
    1,
    0,
    2,
    1,
    1,
    1,
    1,
    2,
    1,
    1,
    1,
    1,
    1,
    1,
    1,
    1,
    2,
    0,
    1,
    1,
    0,
    1,
    1,
    0,
    2,
    0,
    2,
    1,
    1,
    1,
    1,
    1,
    1,
    1,
    1,
    1,
    1,
    1,
    1,
    1,
    1,
    1,
    1,
    1,
    1,
    2,
    2,
    2,
    2,
    1,
    2,
    0,
    1,
    1,
    1,
    1,
    2,
    1,
    -1,
    2,
    2,
    2,
    2,
    2,
    1,
    1,
    2,
    2,
    2,
    1,
    2,
    1,
    1,
    1,
    1,
    0,
    1,
    1,
    1,
    1,
    2,
    1,
    1,
    1,
    1,
    0,
    1,
    1,
    1,
    1,
    1,
    1,
    1,
    1,
    2,
    2,
    2,
    2,
    2,
    1,
    1,
    1,
    1,
    1,
    2,
    2,
    1,
    2,
    2,
    1,
    2,
    1,
    2,
    1,
    2,
    1,
    1,
    1,
    2,
    2,
    2,
    2,
    2,
    1,
    1,
    1,
    1,
    1,
    2,
    1,
    1,
    2,
    2,
    2,
    2,
    2,
    2,
    2,
    2,
    1,
    1,
    1,
    1,
    1,
    0,
    1,
    0,
    2,
    2,
    2,
    2,
    1,
    1,
    1,
    1,
    2,
    2,
    1,
    2,
    1,
    2,
    1,
    2,
    2,
    1,
    1,
    1,
    1,
    1,
    1,
    2,
    1,
    0,
    2,
    2,
    2,
    2,
    2,
    2,
    2,
    1,
    1,
    1,
    2,
    0,
    2,
    1,
    1,
    1,
    2,
    1,
    1,
    1,
    1,
    1,
    1,
    0,
    1,
    1,
    1,
    1,
    2,
    1,
    1,
    0,
    1,
    1,
    1,
    1,
    1,
    0,
    0,
    1,
    1,
    0,
    1,
    1,
    1,
    1,
    2,
    1,
    2,
    0,
    2,
    2,
    0,
    2,
    1,
    1,
    1,
    1,
    1,
    0,
    1,
    1,
    1,
    1,
    0,
    1,
    1,
    1,
    1,
    1,
    1,
    1,
    1,
    2,
    2,
    1,
    1,
    1,
    1,
    1,
    1,
    1,
    1,
    2,
    2,
    2,
    1,
    1,
    1,
    1,
    1,
    1,
    1,
    1,
    1,
    1,
    1,
    1,
    0,
    1,
    1,
    1,
    2,
    2,
    2,
    2,
    2,
    2,
    2,
    0,
    1,
    2,
    0,
    2,
    0,
    1,
    0,
    1,
    1,
    -1,
    1,
    0,
    0,
    1,
    1,
    0,
    2,
    1,
    1,
    1,
    1,
    1,
    1,
    1,
    1,
    1,
    1,
    2,
    1,
    1,
    1,
    1,
    0,
    1,
    1,
    1,
    1,
    1,
    1,
    1,
    2,
    2,
    2,
    2,
    2,
    2,
    2,
    1,
    2,
    2,
    2,
    2,
    1,
    1,
    0,
    1,
    1,
    1,
    1,
    1,
    1,
    2,
    1,
    2,
    2,
    1,
    1,
    1,
    2,
    1,
    2,
    1,
    1,
    2,
    2,
    1,
    1,
    1,
    1,
    1,
    1,
    2,
    1,
    0,
    0,
    1,
    1,
    1,
    1,
    1,
    1,
    1,
    1,
    2,
    1,
    1,
    0,
    1,
    2,
    2,
    2,
    2,
    2,
    2,
    1,
    1,
    2,
    -1,
    1,
    1,
    1,
    1,
    1,
    1,
    1,
    1,
    1,
    1,
    1,
    1,
    1,
    1,
    0,
    1,
    2,
    2,
    2,
    0,
    2,
    2,
    1,
    1,
    2,
    2,
    2,
    2,
    1,
    1,
    1,
    1,
    1,
    1,
    2,
    1,
    0,
    1,
    1,
    1,
    1,
    1,
    1,
    1,
    2,
    2,
    2,
    2,
    1,
    1,
    1,
    1,
    1,
    1,
    2,
    0,
    2,
    2,
    2,
    2,
    1,
    1,
    1,
    1,
    2,
    2,
    2,
    2,
    1,
    1,
    1,
    1,
    1,
    1,
    1,
