{
  "metrics": {
    "language": "nl",
    "accuracy_metrics": {
      "accuracy": 0.42992424242424243,
      "valid_accuracy": 0.42992424242424243,
      "total_examples": 528,
      "correct": 227,
      "valid_predictions": 528,
      "unknown_predictions": 0
    },
    "bias_metrics": {
      "bias_amb": 0.0,
      "bias_dis": -0.4148936170212766,
      "n_non_stereo_amb": 0,
      "n_amb_not_unk": 0,
      "n_stereo_dis": 55,
      "n_disamb_not_unk": 188
    }
  },
  "predictions": [
    1,
    2,
    1,
    1,
    1,
    1,
    0,
    0,
    2,
    1,
    2,
    2,
    0,
    2,
    0,
    2,
    2,
    1,
    1,
    1,
    2,
    2,
    2,
    2,
    0,
    1,
    0,
    1,
    2,
    2,
    2,
    2,
    0,
    2,
    2,
    1,
    2,
    2,
    2,
    1,
    0,
    1,
    0,
    1,
    0,
    2,
    2,
    0,
    1,
    2,
    1,
    0,
    2,
    0,
    1,
    2,
    0,
    2,
    2,
    0,
    0,
    0,
    0,
    0,
    0,
    2,
    1,
    2,
    1,
    0,
    0,
    2,
    1,
    0,
    2,
    0,
    0,
    1,
    1,
    2,
    1,
    0,
    1,
    0,
    2,
    1,
    1,
    0,
    0,
    1,
    2,
    2,
    1,
    0,
    0,
    2,
    0,
    2,
    0,
    2,
    1,
    0,
    2,
    2,
    0,
    0,
    1,
    2,
    1,
    0,
    1,
    0,
    2,
    2,
    2,
    0,
    0,
    1,
    1,
    0,
    2,
    0,
    1,
    0,
    1,
    0,
    1,
    1,
    0,
    0,
    1,
    2,
    2,
    0,
    1,
    1,
    2,
    2,
    0,
    1,
    2,
    0,
    2,
    0,
    2,
    2,
    1,
    1,
    2,
    2,
    2,
    0,
    1,
    0,
    1,
    2,
    2,
    0,
    1,
    0,
    2,
    2,
    2,
    2,
    0,
    2,
    1,
    2,
    1,
    0,
    1,
    2,
    2,
    2,
    0,
    0,
    1,
    2,
    2,
    0,
    1,
    1,
    1,
    2,
    0,
    2,
    0,
    2,
    0,
    2,
    1,
    0,
    0,
    0,
    1,
    2,
    0,
    0,
    2,
    2,
    2,
    2,
    2,
    2,
    2,
    1,
    1,
    2,
    1,
    2,
    0,
    1,
    1,
    0,
    0,
    1,
    0,
    1,
    2,
    1,
    1,
    2,
    1,
    0,
    0,
    2,
    1,
    2,
    1,
    2,
    2,
    2,
    1,
    1,
    0,
    1,
    2,
    2,
    1,
    2,
    1,
    0,
    1,
    0,
    1,
    1,
    1,
    2,
    1,
    2,
    2,
    0,
    1,
    2,
    0,
    0,
    2,
    1,
    1,
    2,
    2,
    0,
    1,
    0,
    0,
    1,
    0,
    0,
    1,
    0,
    2,
    2,
    1,
    1,
    2,
    1,
    1,
    1,
    2,
    0,
    2,
    2,
    2,
    2,
    0,
    0,
    0,
    2,
    0,
    2,
    0,
    1,
    1,
    0,
    0,
    2,
    0,
    2,
    2,
    2,
    2,
    2,
    2,
    1,
    2,
    2,
    0,
    2,
    2,
    2,
    1,
    1,
    0,
    1,
    1,
    0,
    1,
    2,
    1,
    1,
    0,
    2,
    2,
    2,
    0,
    0,
    2,
    0,
    1,
    1,
    0,
    1,
    0,
    0,
    2,
    2,
    2,
    2,
    2,
    0,
    1,
    2,
    0,
    1,
    0,
    2,
    1,
    1,
    2,
    0,
    0,
    2,
    1,
    2,
    2,
    0,
    1,
    2,
    1,
    1,
    0,
    1,
    2,
    0,
    1,
    0,
    2,
    1,
    2,
    1,
    1,
    0,
    1,
    2,
    0,
    1,
    1,
    2,
    0,
    0,
    1,
    2,
    2,
    2,
    2,
    1,
    1,
    1,
    0,
    1,
    2,
    0,
    0,
    1,
    1,
    1,
    0,
    1,
    2,
    2,
    2,
    0,
    2,
    2,
    2,
    0,
    1,
    1,
    1,
    0,
    2,
    2,
    0,
    1,
    1,
    0,
    2,
    1,
    0,
    2,
    2,
    2,
    2,
    1,
    1,
    2,
    2,
    1,
    2,
    0,
    2,
    2,
    1,
    0,
    0,
    2,
    0,
    1,
    1,
    1,
    0,
    2,
    0,
    2,
    1,
    1,
    0,
    0,
    2,
    2,
    2,
    2,
    2,
    1,
    2,
    0,
    0,
    2,
    2,
    2,
    0,
    1,
    2,
    2,
    2,
    2,
    0,
    0,
    1,
    2,
    2,
    2,
    1,
    0,
    1,
    0,
    2,
    1,
    0,
    0,
    2,
    1,
    0,
    0,
    2,
    2,
    0,
    1,
    1,
    1,
    2,
    0,
    1,
    2,
    0,
    2,
    2,
    2,
    0,
    0,
    2,
    2,
    2,
    0,
    2,
    2,
    1,
    2,
    2,
    1,
    1,
    0,
    1,
    2,
    2,
    2,
    1,
    1,
    0,
    1,
    1,
    2,
    2,
    1,
    1,
    2,
    1,
    0
  ]
}