{
  "metrics": {
    "language": "en",
    "accuracy_metrics": {
      "accuracy": 0.6578947368421053,
      "valid_accuracy": 0.6578947368421053,
      "total_examples": 152,
      "correct": 100,
      "valid_predictions": 152,
      "unknown_predictions": 0
    },
    "bias_metrics": {
      "bias_amb": 0.0,
      "bias_dis": -0.26530612244897955,
      "n_non_stereo_amb": 0,
      "n_amb_not_unk": 0,
      "n_stereo_dis": 18,
      "n_disamb_not_unk": 49
    }
  },
  "predictions": [
    0,
    0,
    1,
    1,
    1,
    1,
    0,
    2,
    2,
    0,
    2,
    1,
    0,
    1,
    0,
    1,
    0,
    0,
    1,
    0,
    0,
    0,
    1,
    1,
    1,
    2,
    1,
    0,
    1,
    0,
    0,
    2,
    0,
    1,
    0,
    2,
    1,
    0,
    2,
    1,
    0,
    0,
    0,
    2,
    2,
    0,
    0,
    0,
    0,
    1,
    0,
    2,
    2,
    1,
    1,
    1,
    0,
    1,
    1,
    1,
    0,
    0,
    0,
    1,
    2,
    0,
    0,
    1,
    0,
    1,
    0,
    2,
    1,
    0,
    1,
    0,
    0,
    1,
    0,
    1,
    2,
    2,
    1,
    1,
    2,
    2,
    0,
    1,
    1,
    1,
    1,
    2,
    0,
    2,
    2,
    1,
    0,
    0,
    0,
    2,
    1,
    2,
    2,
    0,
    1,
    0,
    1,
    2,
    1,
    2,
    1,
    1,
    0,
    1,
    0,
    0,
    0,
    1,
    0,
    2,
    2,
    0,
    2,
    0,
    1,
    0,
    1,
    2,
    0,
    1,
    2,
    0,
    0,
    0,
    2,
    0,
    0,
    1,
    0,
    2,
    0,
    1,
    2,
    2,
    0,
    0,
    0,
    0,
    2,
    2,
    2,
    0
  ]
}